sample_id,text,top_k_words
436,"A person (Date of Birth – Date of Death) was a U.S. Representative from a state in the Midwest. Born in a small town in the Midwest, this person attended the public schools and the local high school. They graduated from a state university in the Midwest in Year and from the law department of the same university in Year. They were admitted to the bar in Year and commenced practice in their hometown. This person served as district attorney of the county from Year–Year. They served as delegate to the political party State conventions in Years. They served as member of the board of regents of the state university in Years. This person served as member of the state Senate Year–Year. Elected as a member of a political party to the national legislature (Term Start Date – Term End Date), they represented a congressional district. On a specific date, they were one of the representatives who voted against declaring war on a European country. They were an unsuccessful candidate for renomination in Year. They resumed the practice of law. They served as member of the State conservation commission Year-Year. They died in a city in the Midwest, on Date of Death. They were interred in a cemetery in their hometown. Their father had been a member of the state Senate and their uncle was a member of the legislature of the state territory.","[this, person, this, this, person, person, a, they, person, born, in, city, of, territory, a]"
0,"Stephen J. Gordon (born 4 September 1986) is a chess grandmaster from Oldham, Greater Manchester, England. In September 2004 he took a break from his A-level studies at The Blue Coat School, Oldham to compete in the thirteenth Monarch Assurance Isle of Man International. In 2005, while still a FIDE Master, he finished 6th in the British Championships ahead of a Grandmaster and several International Masters. At the EU Individual Open Chess Championship held at Liverpool in 2006, he led the tournament after eight rounds and finished a very creditable (joint) second, a half point behind winner Nigel Short and level with Luke McShane among others. Probably his best result to date however, was second place in the 2007 British Championship, narrowly losing his share of the lead in the final round. In previous rounds, he defeated both tournament victor Jacob Aagaard and previous champion Jonathan Rowson. By 2008, his rating had reached grandmaster level, although the title itself had not yet been secured. At the British Championship in Liverpool, he almost repeated his performance of the previous year, by taking a share of third place. He was the British under-21 Champion each consecutive year between 2005 and 2008. He became a grandmaster on 1 August 2009. He has been one of the co-presenters of the chess podcast The Full English Breakfast since its inaugural show in October 2010.","[is, a, j, stephen, born, gordon, chess, from, he, 4, in, september, grandmaster, took, england]"
201,"Lynn Crawford (born 1964) is a Canadian chef, trained at George Brown College in Toronto. She is known for her appearances on the hit Food Network show Restaurant Makeover, which is seen in over 16 countries worldwide. She was formerly the executive chef at the Four Seasons in Toronto and the former executive chef of the Four Seasons in New York. She appeared on the Food Network's Iron Chef America (the third chef from Canada to do so), in a battle with Iron Chef Bobby Flay. The episode first aired on March 7, 2007 with peanut as the theme ingredient. Crawford lost the battle to Chef Flay. In 2010, Crawford debuted a Food Network Canada series entitled Pitchin' In, in which she goes out to take on the challenge of getting the freshest and best ingredients. In the same year she launched Ruby Watchco, a table d'hôte restaurant, in Toronto's Riverside neighbourhood. She was also nominated for a Gemini Award in the Best Host in a Lifestyle/Practical Information, or Performing Arts Program or Series category for the Pitchin' In shrimp episode. In 2013, Crawford was a contestant on Top Chef Masters, along with Lora Kirk, her sous-chef from Ruby Watchco.","[is, a, lynn, crawford, she, born, 1964, chef, at, is, she, her, canadian, for, known]"
380,"A person (Date of Birth – Date of Death) was a professional from a continent and the initiator of a notable enterprise. This individual was known for their exceptional skill and was described as 'the master of us all' by a respected industry peer and as 'the only true artisan in their field' by another influential figure, who remarked 'The others are simply professionals'. This individual is still honored as a distinguished figure in their industry. On the day of this individual's passing, a major publication ran the headline 'The king is dead' (the community knew who was meant). Since a year in the 21st century, a dedicated exhibition space displays works of this individual in their hometown. A number of items in the collection were provided by this individual's apprentice and patrons including notable personalities.","[this, individual, person, this, a, individual, this, was, this, individual, known, a, of, individual, enterprise]"
163,"Jean Despres (1903–1988) was a perfume industry businessman, known for his work with Coty, Inc. The French-born Jean Despres came to New York in 1921 working for Coty Inc. Starting as a shipping clerk, he went on to become a travelling salesman, covering thousands of miles on the Santa Fe Railroad across America to sell Coty perfumes and gift sets. He soon became a sales manager, and in 1942 was appointed Executive Vice President of Coty, Inc. He held this position for more than 25 years when Pfizer purchased Coty in 1968. Coty, Inc., was a French perfume company created by wealthyFrançois Coty, proprietor of Le Figaro, the French daily newspaper headquartered on the Champs-Élysées in Paris, France and owner of numerous chateaux and villas in France and Corsica. Coty died in 1934. Jean Despres led Coty in New York with Philippe Cortney, brother-in-law of Mrs.Coty-Cotnareanu. He founded the Fragrance Foundation in New York, for the perfume industry,serving as its president. When he retired he appointed Anette Greene. He was a founder of the Toilet Goods Association Inc., Washington, D.C. and served as its president in the 1960s, attending its annual meetings until 1987, a year before his death. With the expansion of department stores in the 1930s and 1940s, he created \""in-store\"" displays and \""in-store\"" merchandising staff, which evolved into the cosmetics counters of today. He was a founding member of the Coty American Fashion Critics' Awards, along with Grover Whalen, created to encourage and honor American talent and American fashion designers. The awards presentation ceremony initially took place at the Metropolitan Club (where he was a member for 50 years) subsequently moved to the Metropolitan Museum of Art and eventually held at Alice Tully Hall, Lincoln Center. He joined the New York Athletic Club when it opened in 1924, was a director of the French Hospital in New York City, of Coty International,the French-American Chamber of Commerce, Compagnie de St. Gobain and Lilly Dache, Inc., a Chevalier of the Confrerie des Chevaliers de Tastevin, and resident of New York City, Poundridge, NY, Delray Beach, Florida and Meudon, France. In the 1940s he became an American Citizen. Despres married milliner and fashion designer Lilly Daché in Palm Beach, Florida on March 13, 1931, a happy, loving marriage for more than 53 years.","[a, was, jean, des, –, for, ##pres, the, 1903, 1988, in, known, businessman, industry, inc]"
7,"José Raúl Capablanca y Graupera (19 November 1888 – 8 March 1942) was a Cuban chess player who was world chess champion from 1921 to 1927. A chess prodigy, he is considered by many as one of the greatest players of all time, widely renowned for his exceptional endgame skill and speed of play. Born in Havana, he beat Cuban champion Juan Corzo in a match at the age of 13 years. His victory over Frank Marshall in a match in 1909 earned him an invitation to the 1911 San Sebastian tournament, which he won ahead of players such as Akiba Rubinstein, Aron Nimzowitsch and Siegbert Tarrasch. During the next several years, Capablanca had a strong series of tournament results. After several unsuccessful attempts to arrange a match with the then world champion Emanuel Lasker, Capablanca finally won the title from Lasker in 1921. Capablanca was undefeated for 8 years from February 10, 1916 to March 21, 1924, a period which included the world championship match with Lasker. Capablanca lost the title in 1927 to Alexander Alekhine, who had never beaten Capablanca before the match. Following unsuccessful attempts to arrange a return match over many years, relations between them became bitter. Capablanca continued his excellent tournament results in this period but withdrew from serious chess in 1931. He made a comeback in 1934, with some good results, but also showed symptoms of high blood pressure. He died in 1942 of \""a cerebral hemorrhage provoked by hypertension\"". Capablanca excelled in simple positions and endgames; Bobby Fischer described him as possessing a \""real light touch\"". He could play tactical chess when necessary, and had good defensive technique. He wrote several chess books during his career, of which Chess Fundamentals was regarded by Mikhail Botvinnik as the best chess book ever written. Capablanca preferred to not present detailed analysis but focused on critical moments in a game. His style of chess was influential in the play of future world champions Bobby Fischer and Anatoly Karpov.","[was, a, who, was, player, jose, chess, november, cuban, raul, ##a, 19, a, march, he]"
209,"Chris Kermode (born 13 January 1965) is a retired English male tennis player, a former tournament director and the current executive chairman & president of the Association of Tennis Professionals (ATP). On 20 November 2013 Kermode was appointed as the ATP executive chairman & president to succeed Brad Drewett who died of an illness in May 2013. His three-year term started on 1 January 2014, and he is based in the ATP’s London office. Kermode has been involved in tennis for more than 30 years. Following his modest career as a professional player from 1985 to 1988, Kermode worked in London as a tennis coach and later served as the tournament director of the Queen's Club Championships. From 2008 to 2014 he has been the managing director of the ATP World Tour's season-ending event ATP World Tour Finals. In addition Kermode has worked in the music and film business. Before being appointed by the ATP Kermode applied for the position of chief executive at the British Lawn Tennis Association (LTA) but was not selected.","[a, is, chris, ke, born, a, player, ##rm, male, ##ode, retired, english, january, 13, 1965]"
26,"Joey McLoughlin (born 3 December 1964) is an English former professional cyclist from Liverpool. He grew up on the Cantril Farm housing estate in Liverpool, the youngest of 10 children. As a child and teenager, he was a neighbour of many people who went on to be famous, including footballers Ian Bishop, David Fairclough and Mick Quinn, musicians Paul Rutherford (Frankie Goes to Hollywood), and most members of The Farm, along with actor and comedian Craig Charles. McLoughlin's talent and aggressive riding as a junior and young senior caused excitement in the British cycling press. He turned professional in 1985 and in his rookie year came 4th in the Dutch one-day classic, the Amstel Gold Race. Riding for the ANC Halfords professional team, he won the 1986 Milk Race following a long attack through the hills and valleys of South Wales on the Carmarthen to Cardiff stage. Despite this early promise his wins were few due to a series of injuries (especially tendinitis) and he was unable to ride the 1987 Tour de France with the ANC team. After that team folded he rode for other professional teams until his retirement in 1991.","[is, an, mc, joey, he, born, english, up, ##lin, on, former, grew, from, 1964, 3]"
245,"A person, CM (a date in the early 20th century – a date in the late 20th century) was a Canadian conductor and pianist. From a year in the late 1930s to a year in the late 20th century, this person was the founding conductor of a major Canadian broadcaster's Chamber Orchestra. This person was a longtime member of a major city's Symphony Orchestra and was married to a violinist from the same orchestra. In a year in the late 1970s this person was made a Member of the Order of Canada, Canada's highest civilian honour, and in a year in the early 1980s was awarded a national music council's medal. Born in a major Canadian city, this person earned an Associates diploma from a music conservatory in a year in the late 1920s. During the early 1930s, this person studied in their native city with two notable music teachers (piano and conducting). This person earned a Bachelor of Arts from a university in the same Canadian city in a year in the mid-1930s and a Bachelor of Music from a university in the neighboring country in the following year. During World War II, this person served in the Canadian Army, after which this person pursued further music studies at a prestigious music school (a year in the mid-1940s), a university in the same city (1946-1947), and another university (1947). At the latter school, this person was a pupil of a notable composer.","[this, this, person, this, person, a, this, person, person, this, in, person, this, in, person]"
86,"Vratislav Lokvenc (born 27 September 1973) is a Czech former professional footballer who played as a striker. After playing youth football for Náchod and Hradec Králové, he began his senior club career with the latter team. After moving to Sparta Prague he won five league titles and one cup, as well as the 1999–2000 league top scorer award. He subsequently played abroad, playing club football in Germany, Austria and Switzerland for 1. FC Kaiserslautern, VfL Bochum, Red Bull Salzburg, FC Basel and FC Ingolstadt 04. He retired in 2009. Lokvenc played international football for the Czech Republic. He played at the 1997 FIFA Confederations Cup before going on to take part in three major competitions. He made three substitute appearances at Euro 2000 and played in one game at Euro 2004. His last international tournament was the 2006 World Cup, where he played in two group matches before missing the third through suspension. The Czech Republic did not qualify for the next round of the competition and Lokvenc subsequently retired from international football in 2006.","[a, is, czech, who, born, september, vr, ##av, ##c, former, a, 1973, ##sl, ##ati, footballer]"
101,"Donald Blake Rix, CM OBC (1931 – November 6, 2009) was a Canadian pathologist, philanthropist, community volunteer, and businessman. He was the founder and chair of MDS Metro Laboratory Services (now known as LifeLabs Medical Laboratory Services), the largest private medical laboratory in Western Canada. He was a member of several organizations and foundations including the BC Innovation Council, BC Cancer Agency Foundation, BC Medical Services Foundation, and the BC Children’s Hospital Foundation and was the Chairman of the Board of Governors of UNBC. Dr. Rix earned a specialty certificate in general pathology in 1968 from the University of Western Ontario. He was a fellow of the College of American Pathologists, the Royal College of Physicians and Surgeons of Canada, the Royal Society of Medicine, and the American Society of Clinical Pathologists. He was awarded honorary doctorates by the British Columbia Institute of Technology (BCIT) and the University of Western Ontario, Simon Fraser University, University of British Columbia, and University of Victoria. He was the former chair of the Vancouver Board of Trade, a senior member of both the British Columbia and Canadian Medical Associations, and was awarded the BCMA Silver Medal of Service Award in 2004. On August 19, 2009 Dr. Rix was awarded the Canadian Medical Association's 2009 F.N.G. Starr Award. Donald Rix died on November 6, 2009.","[was, a, donald, he, blake, ri, canadian, ##x, he, 2009, ##ologist, and, path, 6, 1931]"
466,"A person is a comedian and television personality who has built a comedy and advertising career partly by becoming famous for being famous, especially in and near their home town of a large metropolitan area in the United States. This person is the self-proclaimed ""Best Looking Person in Comedy"", known for their androgynous and heavily made-up style as well as a loud, sometimes bizarre, comic persona. Their stage personality is made up of the sexual prowess of a famous musician, the funky style of a legendary soul artist, and the animation and expression of an iconic rock and roll musician. This person is known to break into verse and recite poetry at their shows, in ode to themselves, of course. Aside from claiming that they are the best-looking person in comedy, this individual makes many outrageous claims about themselves such as their ability to perform impossible feats. This person's recurring performance themes revolve around their own good looks and sense of style, their outre urban attitudes, and sexual topics.","[this, person, a, person, person, this, this, is, this, a, individual, person, is, who, united]"
80,"Charles Frederick Worth (13 October 1825 – 10 March 1895) was an English fashion designer who founded the House of Worth, one of the foremost fashion houses of the 19th and early 20th centuries. He is considered by many fashion historians to be the father of haute couture. Worth is also credited with revolutionising the business of fashion. Established in Paris in 1858, his fashion salon soon attracted European royalty, and where they led monied society followed. An innovative designer, he adapted 19th-century dress to make it more suited to everyday life, with some changes said to be at the request of his most prestigious client Empress Eugénie. He was the first to use live models in order to promote his garments to clients, and to sew branded labels into his clothing; almost all clients visited his salon for a consultation and fitting – thereby turning the House of Worth into a society meeting point. By the end of his career, his fashion house employed 1,200 people and its impact on fashion taste was far-reaching. The Metropolitan Museum of Art has said that his \""aggressive self-promotion\"" earned him the title of the first couturier. Certainly, by the 1870s, his name was not just known in court circles, but appeared in women's magazines that were read by wide society. Worth raised the status of dressmaking so that the designer-maker also became arbiter of what women should be wearing. Writing on the history of fashion and, in particular, dandyism, in 2002, George Walden said: \""Charles Frederick Worth dictated fashion in France a century and a half before Galliano\"".","[was, an, charles, frederick, worth, who, designer, english, he, 13, fashion, one, october, march, 1895]"
312,"A person (early 20th century) was a military officer and visual artist from the United States, specializing in painting. This individual was born in the early 20th century in a state in the Northeastern US. They completed their higher education in the late 1920s, also attending an institution for the arts. In the early 1940s, they were commissioned by a country's navy and deployed to a broad oceanic region. In the mid-1940s, they traveled to a region in the UK and participated in a notable military operation as a war artist. With the scenes vividly recorded, they returned to their home state to refine paintings based on their initial works and recordings. Throughout their career, they witnessed various military engagements in significant locations and created a substantial portfolio of artwork, with a focus on painting. Eventually, they ended their military service with a high rank and received a commendation. Post-service, they focused on creating various types of art using a popular medium, with a particular emphasis on painting landscapes, sports, and portraits in watercolor. Remaining active, they contributed to education and led a regional artists' association. They passed away in the mid-1970s in a town in their home state.","[this, individual, person, a, was, they, born, in, in, in, a, in, they, they, from]"
205,"Cecil T. Patterson (June 22, 1930 – October 27, 2002), among America’s earliest karateka, introduced the Wadō-ryū style of karate into the Eastern United States in 1958. Before his death in 2002, he had firmly established the United States Eastern Wadō-ryū Federation, previously known as the United States Eastern Wado-Kai Federation, a successful Karate organization 20 thousand strong, according to Patterson’s statement in an interview. Born in 1930 in Sevierville, Tennessee, Patterson first enlisted in the US Navy at the age of fourteen. While stationed in Iwakuni, Japan, Patterson, then 25 years of age, undertook the study of Karate. According to the USEWF website, Patterson started Wado in 1955 under Kazuo Sakura; more specifically, he started training in August 1955. In 1957, Patterson opened the first karate school in Tennessee, and in 1963 organized the first karate tournament in the state. In 1978 Tennessee governor Ray Blanton signed into law a state senate resolution naming Patterson the father of karate in Tennessee.","[t, patterson, cecil, june, among, he, 22, before, 2002, 1930, america, –, his, a, had]"
84,"Giacomo del Pó (1654 – 15 November 1726) was an Italian painter of the Baroque. He was born in Palermo (other sources say Rome or Naples), the son of Pietro del Po. He first trained under his father, but afterwards by Nicolas Poussin. He was admitted to the Roman Accademia di San Luca. He was chiefly occupied in decorating the mansions of the Neapolitan nobility with emblematical and allegorical subjects. Rome possesses only two of his pictures, one in the church of Sant'Angelo in Pescheria, and the other in Santa Marta al Collegio Romano. He also worked in Naples, where he painted frescoes for the Palatine chapel in the Royal Palace. He collaborated with Francesco di Maria and Francesco de Mura, in the frescoes for the Palazzo Carafa and the palace of the Prince Caracciolo de Avellino. He painted frescoes in the gallery of the Marquis of Genzano. He also painted frescoes in the Milano Chapel of San Domenico Maggiore and in the church of San Gregorio Armeno. he painted canvases for Church of Santa Maria di Sette Dolori and Santa Teresa degli Scalzi. He also painted in the Basilica of San Antonio and the cathedral in Sorrento. He painted frescoes in the Belvedere palace in Vienna for Eugene of Savoy. He died in Naples in 1726.","[was, an, del, he, po, painter, giacomo, italian, of, born, was, the, in, baroque, 15]"
131,"Jørgen Matthias Christian Schiødte (20 April 1815 – 22 April 1884), or Jørgen Christian Matthias Schiødte, was a Danish entomologist. He was Professor at University of Copenhagen Zoological Museum. His work was widely read \""for, as Schiodte remarks: 'We accordingly look upon the subterranean faunas as small ramifications which have penetrated into the earth from the geographically limited faunas of the adjacent tracts, and which, as they extended themselves into darkness, have been accommodated to surrounding circumstances. Animals not far remote from ordinary forms, prepare the transition from light to darkness. Next follow those that are constructed for twilight; and, last of all, those destined for total darkness, and whose formation is quite peculiar.' These remarks of Schiodte's it should be understood, apply not to the same, but to distinct species.\"" - Charles Darwin His best known publications were \n* Genera og species of Danmarks Eleutherata at tjene som fauna for denne orden og som indledning til dens anatomie og historie (1841) \n* Naturhistoriske bidrag til en beskrivelse of Grønland / af J. Reinhardt, J.C. Schiødte, O.A.L. Mørch, C.F. Lütken, J. Lange, H. Rink. Særskilt aftryk af tillæggene til \""Grønland, geographisk og statistisk beskrevet,\"" af H. Rink. 1857 \n* De metamorphosi eleutheratorum observationes : bidrag til insekternes udviklingshistorie / ved J. C. Schiødte.Kjøbenhavn Thieles Bogtrykkeri,1861-72. online In addition, he described numerous species of insects as well as the spider genus Liphistius.","[was, a, or, his, ##e, en, he, the, ##ologist, the, the, j, the, ##tom, the]"
134,"André Pinto Rebouças (13 January 1838 – 9 April 1898) was a Brazilian military engineer, abolitionist and inventor, son of Antônio Pereira Rebouças (1798–1880) and Carolina Pinto Rebouças. Lawyer, member of Parliament (representing the Brazilian state of Bahia) and an adviser to Pedro II of Brazil, his father was the son of a manumitted slave and a Portuguese tailor. His brothers Antônio Pereira Rebouças Filho and José Rebouças were also engineers. Despite racial prejudice, his father, a mulatto, was an important and prestigious man at the time. Self-taught to read and write, he had been granted the right to practice law throughout the country, represented Bahia in the House of Representatives on a range of legislature, was secretary of the Provincial Governorship of Sergipe, advisor to the Empire, and had received the title of Knight of the Imperial Order of the cross in 1823. Rebouças became famous in Rio de Janeiro, at the time capital of the Empire of Brazil, solving the trouble of water supply, bringing it from fountain-heads outside the town. Serving as a military engineer during the Paraguayan War in Paraguay, Rebouças successfully developed a torpedo. Alongside Machado de Assis and Olavo Bilac, Rebouças was a very important middle class representative with African descent, he also was one of the most important voices for the abolition of slavery in Brazil. He encouraged the career of Antônio Carlos Gomes, author of the opera O Guarani. In the 1880s, Rebouças began to participate actively in the abolitionist cause, he helped to create the Brazilian Anti-Slavery Society, alongside Joaquim Nabuco, José do Patrocínio and others. After the Republican coup d'État, Rebouças went into exile with Pedro II to Europe. For two years he stayed exiled in Lisboa, as a correspondent for The Times of London. In 1892, facing financial problems, Rebouças went to Luanda and after that, Funchal, in Madeira. In 1898 his body was found at the shoreline. He supposedly committed suicide.","[was, a, andre, ##s, re, brazilian, pinto, son, engineer, january, ##uca, military, ##bo, of, april]"
105,"James Marcellin St. Vrain (June 6, 1883 – June 12, 1937), a native of Ralls County, Missouri, was a Major League Baseball pitcher. The left-hander played for the Chicago Orphans in 1902, and at just 19 years of age he was the youngest player to appear in a National League game that season. St. Vrain made his major league debut in a road game against the Cincinnati Reds at the Palace of the Fans (April 20, 1902). He pitched well, but the Orphans lost 2–1. His first major league win came against the New York Giants on May 9. He pitched a 5–0 complete game shutout in front of the home crowd at West Side Park. St. Vrain pitched well during his only season but gave up a lot of unearned runs. He is also remembered for running the wrong way on the bases; although he was a left-handed pitcher, St. Vrain batted right-handed. One day, manager Frank Selee suggested he try batting left-handed, and upon making contact with the ball, St. Vrain was confused enough to run to third base (he was thrown out at first base). In a total of 12 games, 11 starts, 10 complete games, and 95 innings pitched, he had 51 strikeouts and only 25 walks, and gave up just 22 earned runs. Though his record was 4–6, his ERA was a sparkling 2.08. St. Vrain died at the age of 54 in Butte, Montana.","[was, a, st, james, 1883, ##lin, a, native, june, 6, vr, ##ain, the, marcel, of]"
150,"Alvah Augustus Clark (September 13, 1840 – December 27, 1912) was an American lawyer and Democratic Party politician who represented New Jersey's 4th congressional district in the United States House of Representatives from 1877 to 1881. He was the first cousin of James N. Pidcock, who represented the same district from 1885 to 1889. Born in Lebanon Township, New Jersey, Clark attended public and private schools as a child, studied law and was admitted to the bar in 1863, commencing practice in New Germantown, New Jersey. He was licensed as a counselor in 1867 and moved to Somerville, New Jersey later the same year where he continued to practice law. Clark was elected as a Democrat to the Forty-fifth and Forty-sixth Congresses, serving in office from March 4, 1877 – March 3, 1881, but was not a candidate for renomination in 1880. After leaving Congress, Clark resumed practicing law, was appointed postmaster of Somerville, serving until 1899 and, once again, resumed practicing law until his death in Somerville on December 27, 1912. He was interred in New Somerville Cemetery in Somerville.","[was, an, who, al, and, american, clark, politician, lawyer, ##vah, he, represented, 1840, september, 1912]"
242,"Akira Masuda (born May 22, 1962) is a Japanese Kyokushin kaikan karateka. In March 1991 he completed the 100 man kumite supervised by Mas Oyama. He was born in 1962 in Kanazawa, Ishikawa prefecture, Japan. In junior high school he was captain of the school judo club. When he was 16 years old he joined Kyokushin Kaikan Ishikawa Dojo. At 19 years old he made his debut in his first All Japan Tournament. He remained a top athlete in Kyokushin All Japan Tournaments, going on to beat Michel Wedel, Gerard Gordeau and Michael Thompson. He fought and lost to Andy Hug however Hug was unable to walk after the fight. In 1990 he won a gold medal in the 22nd All Japan Kyokushin Tournament. and in 1991 he placed second in the 5th World Karate Tournament. He is the shihan of Kyokushin Kaikan Masuda Dojo. In 2007 Masuda published the book \""Freestyle Karate\"" and in 2009 he published \""Masuda Akira - Go, Budojin toshite Ikiru\"".","[is, a, mas, akira, born, in, ##uda, he, may, ##ka, japanese, the, 22, in, he]"
219,"Warren T. Thompson (active 1840 - 1870) was an American photographer. Between 1840 and 1846 Thompson worked in Philadelphia and in 1843 refined Daniel Davis Jr.'s electroplating method for colouring daguerreotypes by using a gum tragacanth resist. With this technique colours could be built up in the manner of some types of printmaking. According to an article in the 1892 American Journal of Photography by editor Julius Sachse, Thompson traveled to Paris in 1845 from New York without speaking any French and with an introduction from the Russian Consul in New York to the Russian Vice-Consul in Paris who in turn arranged an introduction to Russian photographer Sergei Lvovich Levitsky. Levitsky is quoted by Sachse as declaring Thompson's daguerreotypes were 'works of art'. Sachse further claims that Thompson influenced for the development of portrait daguerreotypes in Paris. From 1849-50 Thompson was listed as a photographer at 14 boulevard Poissonnière, rue Basse-du-Rempart in 1851, then 22 rue de Choiseul from 1853-59. Levitsky returned to Russia by 1849 but came back to Paris by 1859 where he took over Thompson's Choiseul address. This was also the premises for the French arts club. Thompson (aka as surname 'Warren-Thompson'} produced daguerreotypes in Paris as well as very fine stereo daguerreotypes and a number of theatrical self-portraits some of very large size, but his body of known work is scant. The skill of his surviving work suggests he may have trained as a painter. For a pioneer era photographer whose role appears to have been quite prominent in Paris in the 1840s and 50s, Thompson's career is poorly known.","[t, was, an, thompson, warren, between, active, american, photographer, 1870, 1840, and, -, 1840, in]"
264,"A person (born in the 1970s) is a high fashion designer living and working in a European country. This person was born in a Middle Eastern city, in the 1970s, studied in Europe, and has become one of the top high fashion designers of the new era. Their success started with an inaugural high fashion show in a European capital in the early 2000s. Since then, every high fashion show in this capital has been wildly successful, including the latest in the early 2010s. This person is held in esteem across boundaries and oceans and their clients are found on multiple continents. Their success is due to their talent of uniting the colours of the Mediterranean with the refinement of the European fashion industry, creating a style that is unique in the world, and to their way of dressing not only the body but also the soul of individuals. They have been invited across the globe to show their creations: in countries in the Middle East, North Africa, North America, Europe, and Asia. They have participated and received awards at various events such as: Fashion for Peace, Fashion in the Mediterranean, Fundraising events, and fashion shows for children's charities. Selected exhibitions where their work has been presented include: 
*  Early 2010s – a city in the Middle East 
*  Late 2010 – a city in North Africa - fashion event during an international film festival 
*  Early 2010 - a city in the Middle East - High Fashion Show at a prestigious hotel 
*  Early 2009 – a European capital - High Fashion Show 
*  Late 2009 - a city in Europe – In the setting of the high life of the country 
*  Late 2009 – a city in Southeast Asia - in the presence of royalty 
*  Mid 2009 – a city in Europe - Fashion Show 
*  Early 2008 – a European capital, a major fashion event He has dressed famous singers on television and prime concerts and festivals.","[this, person, a, person, this, was, person, in, they, born, and, country, their, been, in]"
31,"Luke Zachrich (born October 1, 1981) is an American mixed martial artist and former professional boxer who formerly competed in the Middleweight division of the Ultimate Fighting Championship, where he held a record of 1–2. A professional mixed martial arts competitor since 2006, Zachrich was a member of Team Forrest on the seventh season of The Ultimate Fighter, and has also fought for King of the Cage, Xtreme Fighting Organization, Bellator, and Ultimate Victory Challenge, the latter of which he was the inaugural Middleweight Champion. In the first few years of his career, he trained with professional wrestling and mixed martial arts legend Dan Severn at The Beast Academy in Coldwater, Michigan, before relocating to Team Jorge Gurgel in Cincinnati, Ohio. He now fights out his own training facility, the Ronin Training Center, where he is also one of the head instructors. He currently holds a professional record of 14–4, with seven of his fourteen wins coming by way of submission. As of November 29, 2015, Zachrich is currently ranked as the #193 best Middleweight in active mixed martial arts competition by Fight Matrix, and is ranked at #95 in the Tapology.com Middleweight rankings.","[is, an, luke, born, zach, ##rich, american, who, and, artist, october, 1, 1981, mixed, in]"
226,"Edward J. Wasp, also known as E. J. Wasp, is an engineer and inventor known for developing long distance slurry pipelines for the transportation of coal and other solid materials. Wasp, born in New York City, earned a bachelor's degree in chemical engineering from Cooper Union, a master's degree in mathematics from the University of Pittsburgh, and an MBA from Golden Gate University. He began experimenting with coal slurries in a systematic manner when he worked for Consolidation Coal Company in the early 1950s. Wasp combined works of scientists and engineers and developed a model that related homogeneous and heterogeneous \""flow characteristics\"" of slurry for the design of long-distance pipelines. He was in charge of the world's first long-distance coal pipeline, a 108-mile system within Ohio completed in 1957. Wasp later became manager of the slurry systems department for the engineering firm Bechtel and executive vice president of Energy Transportation Systems, Inc. (ETSI). He received an Elmer A. Sperry Award in 1981 \""for his contributions toward the development and application of long distance pipeline slurry transport of coal and other finely divided solid materials\"". In 1982, Pipeline called Wasp the \""patron saint of slurry pipelines\"" and one of the leading slurry pipeline engineers in the world.","[is, an, j, j, and, for, as, edward, known, engineer, also, wasp, inventor, known, e]"
77,"Silvio Danailov (born 21 April 1961) is a former Bulgarian chess player and International Master. He was a manager and coach of the Bulgarian men's national chess team (1993-2000) and manager and coach of two former FIDE world chess champions, GM Veselin Topalov (BUL) and GM Ruslan Ponomariov (UKR). Silvio Danailov was Honorary President of the European Chess Union (ECU) from 2014 until he resigned as such a year later, President of the European Chess Union (2010-2014), Member of FIDE Presidential Board (2010-2014) and currently President of the Bulgarian Chess Federation since 2011. He is an entrepreneur of chess competitions and founder of the Grand Slam chain of tournaments in 2006, which included Wijk aan Zee (Holland), Linares (Spain), MTel Masters (Bulgaria), Nanjing (China) with the Final Masters tournament in Bilbao (Spain). Silvio Danailov implemented the famous anti-draw rules called the Sofia Rules, which were introduced for the first time in the MTel Masters tournament in 2005. The rule states: “The players should not offer draws directly to their opponents. Draw-offers will be allowed only through the Chief-Arbiter in three cases: a triple-repetition of the position, a perpetual check and in theoretically drawn positions.” Sofia rules make the chess games and tournaments more attractive to the general audience, media and sponsors. Silvio Danailov’s company Kaissa Chess Management has organized many world top chess events such as; MTel Masters super tournament in Sofia, Bulgaria (five times, 2005-2009), the Candidates match for FIDE World Championship Topalov - Kamsky in Sofia (2009) and the World Championship match Anand - Topalov in Sofia (2010), and many European chess championships. He is fluent in English, Spanish, Russian and Serbo-Croatian languages. In 2011, Silvio Danailov was awarded with the highest Bulgarian state award – the Order of Stara Planina 1st class by the President Georgi Parvanov for “his exceptional contribution to the Republic of Bulgaria in the field of physical education and sport.” Danailov led the campaign for endorsement of the ECU’s Chess in school program by the European Parliament in Strasbourg on March 13, 2012. The Written Declaration 50/2011 for the implementation of the ‘Chess in School’ programme among the schools in the European Union was signed by 415 MEPs. During his Presidency, the European Chess Union became a partner of the United Nations Educational, Scientific and Cultural Organization, which officially gave the rights to ECU to organize some of its events under the Patronage of UNESCO. Silvio Danailov was involved in several controversies such as the bathroom controversy during the World Chess Championship 2006.","[a, is, dana, ##v, he, born, silvio, a, master, and, april, ##ilo, was, former, player]"
138,"Jean Rinkel-Quertier (née Quertier; born 12 November 1925), is a female former tennis player from England who was active in the late 1940s and 1950s. Her best performance at a Grand Slam tournament was reaching the semifinal of the doubles event at the 1952 and 1953 Wimbledon Championships. Partnering compatriot Sue Partridge and Helen Fletcher respectively they lost on both occasions in straight sets to the first-seeded team of Shirley Fry and Doris Hart. Her best singles performance in the Grand Slam events was reaching the quarterfinal of the French (1949, 1953), Wimbledon (1948, 1952) and U.S. Championships (1951, 1953). In 1949 and 1950 she played against compatriot Joan Curry in the final of the British Covered Court Championships, played on wooden courts at the Queen's Club  in London, and won the 1950 edition in three sets. In 1949 she was the runner-up at the British Hard Court Championships. Quertier was a member of the British Wightman Cup team in 1947 and from 1949 to 1953. All these editions of the team tennis competition were won by the United States team and Quertier was responsible for the only British match win when she defeated Shirley Fry in 1951 in straight sets. She married Dutch tennis player Ivo Rinkel on 28 February 1952 in Roehampton and the couple had two daughters.","[is, a, ;, jean, female, born, -, who, player, 1925, from, former, ##el, her, november]"
467,"A person (born in the 1950s, in a city in Florida), is an American photographer. This person works and lives in a city in Pennsylvania. Their 2004 monograph, ""PhotoPlay,"" features photographs, collages, and photograms from three decades of work. The book's introduction is by a novelist and editor. A photography curator wrote the book's essay. This person's work has appeared in industry publications, international magazines, and other publications. Their work has been widely exhibited, and they lecture frequently. They formerly taught at a university in Pennsylvania. One of their best-known pieces is the advertisement which first appeared in the 1990s, ""Absolut [This person's Surname]."" The ad was part of the ""Absolut Artists"" series of advertisements for a well-known vodka brand. This person's one-person show, ""The Object Is Art,"" was exhibited in the late 2000s at a museum in New York. Their public art projects include ""Dreams In Transit,"" a large-scale permanent photographic installation at a transit station in New Jersey. This person conceived and edited a book in the mid-2010s, ""EyeBook: Sixty Artists. One Subject."" The book, an anthology, focuses upon the eye in art, and is published by a publisher, of Bologna, Italy.","[this, person, this, this, person, a, person, person, this, works, person, their, in, the, and]"
335,"A person (Date of Birth – Date of Death) was an American anthropologist and United States Ambassador to a West African country. Born in a Caribbean city, this person came to the United States in a mid-20th century year. This person enlisted in the United States Army in a year during World War II and fought in the war, which later allowed them to obtain citizenship. This person earned a bachelor's degree from a university in New York in a year in the early 1950s. They then attended a university in New York, where they earned a master’s degree in a year in the early 1950s and a doctorate in a year in the mid-1950s. This person learned a local language by the Mossi while living in a West African country for two years. This person became a professor at a university in New York in the mid-1950s. A U.S. President appointed them ambassador to the West African country from a year in the mid-1960s to a year in the late 1960s. In a year in the early 1970s, this person became the first African-American department chair at the university as well as the first African American to receive tenure at the University in a year in the early 1960s. They wrote several books on Africa, focusing on U.S. policy there. On a date in April 2007, this person died of heart failure at their home in Washington, D.C. They were in their 80s.","[this, this, this, this, person, person, person, person, a, person, in, born, this, a, city]"
89,"Sir Harold John Boyer Harding (6 January 1900 – 27 March 1986) was a British civil engineer. Harding was educated at Christ's Hospital and the City and Guilds College (part of Imperial College London), interrupting his studies 1918-19 with a one-year period spent as a cadet in the Officers' Training Corps. Following graduation Harding worked for Mowlem where he specialised in tunnelling work for London Underground including the reconstruction of Piccadilly Circus tube station and the expansion of the Central line. In the 1930s he and Mowlem were instrumental in introducing geotechnical processes to the UK. Upon the outbreak of the Second World War, Harding was placed in charge of defence and emergency repair of underground services in London. He built pre-cast concrete petrol barges and eight of the Mulberry Harbour segments used in the Normandy Landings. He was also a founding director of Soil Mechanics Ltd, a subsidiary of Mowlem dedicated to work in geotechnics. After the war Harding was involved with investigations into the feasibility of construction of a Channel Tunnel and sat on the tribunal investigating the Aberfan disaster of 1966. Harding was elected president of the Institution of Civil Engineers, was the founding chairman of the British Tunnelling Society, fellow of the City and Guilds of London Institute and fellow of Imperial College. He was also a founder fellow of the Fellowship of Engineering and governor of three separate academic institutions: Westminster Technical College. Northampton Engineering College, and Imperial College. He received a knighthood in 1968.","[was, a, sir, engineer, british, john, at, civil, harold, march, was, harding, 6, 1986, january]"
255,"A person (born on a date in a place, near a larger city – died on a date at a famous racing circuit) was a racing driver who raced a certain make of car in their two World Championship Formula One Grands Prix. This person initially competed during a decade in a Formula 2 car with a certain type of engine with which they finished in a top position in a race at a location. In a year, this person raced for a team and finished in a top position at the same track. They entered the same car (a specific engine size and cylinder number car of a certain type) in a national Grand Prix but retired after only a few laps with engine failure. The following year, this person raced a car with nothing more than a top position at a location, but again entered the national Grand Prix at a famous circuit in a car of a specific type, but retired due to an engine valve problem. After this, they faded from single-seater racing. Later in their career, this person shared the winning car at a notable annual automobile race. This person was killed racing a certain make of car in the year of a long-duration race at a famous racing circuit.","[this, person, a, this, this, this, person, person, person, person, person, the, in, initially, born]"
427,"A person (born in the late 1980s) is a chess Grandmaster. In the mid-2000s, this individual became one of the youngest Grandmasters in their country. This player is the first from their country to break into the top ranks of FIDE World Rankings and was the highest-rated player from their country, with a peak rating of over 2700, until the mid-2010s, when this record was surpassed. In the late 2000s, the individual became one of the first players from their continent to cross a significant Elo rating milestone. Later in the same year, this person achieved one of the highest rankings ever by a player from their country, setting a new national record. In the early 2010s, this person became one of the top players in the world with a ranking in the top 10. The highest world ranking to date for this individual is within the top 10 with a rating of over 2700. In a major FIDE Grand Prix series, this person was close to qualifying for an important tournament in the World Chess Championship cycle; however, a draw in the final round allowed a competitor to secure the qualifying spot. This person played on the top board for the gold medal-winning team at a major international chess team event.","[this, this, this, person, person, a, person, player, person, this, this, individual, in, this, this]"
18,"Charles Rahmel Jones (born July 17, 1975) is a retired American professional basketball player who played in the NBA. Raised in Bedford–Stuyvesant, Brooklyn, New York, Jones was one of two children of Charles and Cathy Jones and graduated from Bishop Ford Central Catholic High School in 1993. In 1997, Jones estimated to The New York Times that around 15 of his friends from Bedford-Stuyvesant were killed on the streets. He played at The Soul in the Hole in Brooklyn. Jones attended Rutgers University and Long Island University, before spending two seasons in the NBA for the Chicago Bulls (1998–99) and the Los Angeles Clippers (1999–2000). Afterwards, he played overseas, notably in Argentina. While playing for Long Island University, he led the league in scoring twice (1996-97, 1997-98), and he was the last player to average 30 points or more in a season when he averaged 30.1 points per game in the 1996-97 season. (See List of college basketball scoring leaders) He faced a gun charge due to an incident at his dorm.","[a, is, charles, who, ra, born, in, player, retired, american, ##el, in, ##hm, july, jones]"
424,"A person (born on a date in the early 20th century, in a city), is a classical music artist from a country in the Caucasus region. This person graduated from a local Musical School in the city and the National Conservatory of the country. This person further pursued advanced studies in a prestigious Conservatory in a major city under a professor. Then this person returned to their hometown where they lived for several decades before migrating to another country. This person currently resides in a major city on the west coast of the United States. Initially, this person was dedicated to classical music but later expanded their repertoire to include the traditional music of their home country. This person has spent much of their life accompanying some of the most distinguished classical and traditional vocalists of their country, including the founder of the country's professional vocal school; a singer who often represented the country internationally during a past political era; and a well-known pop star from the same era. When asked about the extent of their repertoire, this person readily admits that it is extensive, with a multitude of pieces that they wouldn't know where to start counting.","[this, this, person, person, this, a, this, this, person, person, person, this, in, then, person]"
197,"Judson Donald \""Jud\"" Buechler (born June 19, 1968) is an American retired professional basketball player. He grew up in Poway, California and attended Poway High School, where he was a top basketball recruit as well as a Top-50 men's volleyball prospect. A sharp-shooting 6 ft 6 in guard/forward, Buechler attended the University of Arizona before being selected by the Seattle SuperSonics in the 1990 NBA draft. His draft rights were immediately traded to the New Jersey Nets, and he spent slightly over one season with the Nets before being waived in 1991. After a brief stint with the San Antonio Spurs, he signed with the Golden State Warriors, with whom he averaged 6.2 points, 1.3 assists and 2.8 rebounds (all career highs) during the 1992–93 NBA season. However, Buechler would become best known for his four-year tenure (1994–1998) with the Chicago Bulls. With his former college teammate Steve Kerr, Buechler provided clutch shooting off the bench and played a key role during the Bulls' second three-peat (1996–1998). As the Bulls began their post-Jordan rebuilding process in 1999, Buechler signed with the Detroit Pistons, where he played for three seasons before being traded to the Phoenix Suns. Buechler ended his career with a short stint with the Orlando Magic, and he retired in 2002 with 2,385 total points. Buechler was also an All-American volleyball player at Arizona, earning the nickname \""The Judge\"". His daughter Reilly, whom he has coached, is currently a volleyball player at UCLA.","[is, an, "", ju, player, he, up, donald, in, born, ##d, \, "", ju, ##ler]"
464,"A person (born on a date in the 1950s) is a retired American basketball player who played in the NBA for a period in the late 1970s to the mid-1980s. After playing collegiately at a university in the United States, this person was selected in the first round of the 1977 NBA Draft by a professional basketball team. At a height over 6 feet and a weight over 200 lb, this person played forward and center in the NBA. After spending a rookie season with one team, this person spent the following seasons with another team. In a year in the early 1980s, they were selected by an expansion team in the expansion draft. This person was the only team member who played all games for the team in their inaugural season, finishing second on the team in points and leading the team in rebounds and block shots. This person saw playing time diminish in the following season, averaging just minutes per game in a number of games for the team. This person appeared in only one game that season before suffering a season-ending injury. In a year in the 2000s, this person created a video parody of a political campaign. This person and their partner live in a town in North Carolina, with their two children. Together, they redeveloped an old mill, which is now a music venue, called a name.","[this, person, person, this, a, carolina, this, person, person, this, this, person, saw, person, this]"
333,"A person (born on a date in 1973) is a retired professional basketball player who last played for a major city's team in the NBA. This person was a star player on a high school basketball team. Drafted out of a university by a team in the NBA with a late first-round pick of the 1996 NBA Draft (the pick originally belonged to another team and went to the drafting team in a notable trade), they played several years with the team, becoming one of their key reserves. This person was a fan favorite during their days playing for another NBA team due to their tenacious efforts on the court. On a date in 2001, this person was traded from their team, along with a teammate, to another team in exchange for several players and a future first-round draft pick. They were so enthusiastic about joining the new teammates that they immediately drove from their former city to their new city upon hearing the news. In a season with the new team, this person averaged a career-best scoring average, primarily as a starter. In a year, this person also made a cameo appearance in a Disney Channel Original Movie. In December of a year, they were traded again, this time along with two teammates, to another team for three players. Overall in a season, this person played in a number of games, starting many of them, and averaged a certain number of points and rebounds per game. During an offseason, they were involved in yet another trade, one that sent them and a teammate to another major city's team for several players. Their relocation meant a relegation to the bench, as their minutes dropped down to around a certain number a game. On a date in 2005, this person was waived by the team to avoid luxury taxes on their salary, as part of the NBA's new labor agreement. They announced their retirement from their playing career shortly after. This person played in a significant number of games over several seasons, averaging a certain number of points and rebounds per game. This person joined the NBA's ""Basketball Without Borders"" program, an effort to teach the game and bring resources to underdeveloped nations in various continents. In a Canadian city, they were always greeted with a standing ovation when they returned in another team's uniform. Nicknamed by a former player in their early days for their hard work and hustle (as stated in an interview while they served as a commentator on NBA TV), this person sometimes referred to themselves in the third person. On a date in 2006, this person rejoined a team as their community representative. They also played a minor role in a Canadian FBI show. They played a character, a dealer turned informant. This person was hired as Director of Player Development for a national champion high school basketball team before becoming assistant coach. In a year, they were promoted to the position of Head Coach at the high school. They stepped down as head coach in a year.","[this, person, this, a, this, person, person, in, this, was, person, person, this, a, a]"
133,"Bettina Fulco (born 23 October 1968) is a retired Argentine professional women's tennis player. She reached her highest ranking of No. 23 on October 10, 1988. Fulco began playing tennis at age 10 at the University Club in her hometown of Mar Del Plata, having been inspired to start because of the increased interest in the sport in Argentina due to Guillermo Vilas' success. As a junior, Bettina was among the best in the world, reaching the finals of the Orange Bowl 18-and-under championships in 1986, and finishing second in the rankings in 1986. She turned professional in 1987. Like many South American players, Bettina Fulco was considered a clay court specialist, and reached the quarterfinals of the French Open in 1988. Bettina beat Martina Navratilova in Houston 1994 for her biggest career victory. She also achieved victories over Conchita Martínez, Arantxa Sánchez Vicario, Hana Mandlíková, Katerina Maleeva, Manuela Maleeva, Magdalena Maleeva, Claudia Kohde-Kilsch, Lori McNeil and Nathalie Tauziat. She retired from professional tennis in 1998. Since retiring from tennis, Bettina has taken on the position of director of the School of Tennis at the Club Atletico Kimberley, based in Mar del Plata. She is also a coach, having worked with notable players such as Victoria Azarenka, Kateryna Bondarenko, Angelique Widjaja and Emma Laine. In addition, Bettina was the captain of the Argentina Fed Cup team from 2011 to 2013.","[a, is, ##tina, fu, bet, born, she, ##lco, 1968, no, retired, 23, her, october, player]"
323,"A notable individual from a previous era was a key figure in the design industry, establishing a prominent establishment. This individual is acknowledged by experts as a central figure in the development of exclusive design. Also recognized for transforming the business of design, this figure launched a venue in a prominent city, attracting the elite and influential. As an innovator, they reimagined traditional designs to be more practical, with certain modifications reportedly made for an important patron. This individual pioneered the use of demonstrations to showcase products to patrons, and introduced the concept of signature elements in items; the venue became a hub for client consultations and fittings, making it a focal point for the elite. Towards the latter part of their career, the establishment's workforce grew substantially, and its influence on style was significant. An esteemed cultural institution noted that this individual's proactive approach earned them recognition as a distinguished creator. By a notable period, their influence extended beyond exclusive circles to widely read publications. This figure elevated the craft of creating, setting the standard for the industry. A commentator on history remarked: ""This individual set the trends in a key cultural center long before a contemporary icon did.""","[this, this, this, individual, s, figure, "", a, individual, an, this, is, individual, from, of]"
124,"Ellsworth Young (1866 Albia, Iowa – 1952 Evanston, Illinois) was an American magazine and book illustrator, and a noted painter of landscapes. He worked for the Works Progress Administration (WPA) Collection of the Illinois State Museum, and was employed by the Denver Times and The Chicago Tribune as an editorial illustrator. Ellsworth Young studied at The Art Institute of Chicago with Oliver Dennett Grover and John Vanderpoel. Young, an Illinois artist, was a member of the Chicago Painters and Sculptors and the Oak Park River Forest Art League. He painted several posters for the war effort of World War I, his best-known probably being \""Remember Belgium\"". The Allied Nations made use of images of supposed German atrocities to bolster their propaganda machine. In 2010 Western Illinois University began looking at stored works of art to refurbish, and discovered a rolled-up painting which held “tremendous historical significance.” It was a painting by Young of a river landscape in autumn, and had been commissioned in 1934 to hang in Monroe Hall (later known as Grote Hall) and remaining there for some 60 years until the Hall was demolished in 1991. The painting was sent to the Chicago Conservation Center to be restored.","[was, an, young, el, ##worth, ##ls, magazine, he, american, a, and, and, 1866, illinois, book]"
279,"A person (Date of Birth – Date of Death) was a trainer from the Americas recognized in a prestigious hall of fame for their work with racehorses. This individual was a global trainer who worked across multiple continents. They developed numerous winners in high-level races over a career that started in the latter half of the 20th century and spanned over four decades. Originating from a large city in the Americas to a family involved in racing, this person's relatives were also trainers. They began their career assisting a family member before independently training in the 1940s. They achieved top trainer accolades in their home region in the 1950s and in another country shortly thereafter, then started competing in North America. Settling permanently in North America in the 1960s, they competed nationally and had notable success with a distinguished owner's horse. In the 1970s, this trainer moved to Europe where they became a significant figure in the racing scene there. They won a major European race with a female horse. Contracted by a prominent European racing figure, they secured another win in the same major race in the 1970s with a horse that would later be recognized in a hall of fame, and they received top trainer distinctions in Europe. Besides winning prestigious races in Europe, they also competed successfully in the UK, securing victories in several of its renowned races. Returning to North America in the late 1970s with the European figure's horses, they triumphed in notable North American races. They were subsequently employed by a well-known North American owner, training a top-performing female horse and achieving success in several key races. In the 1980s, this individual was honored with induction into a hall of fame for racing in the United States. They resided in a town in the state of New York until their passing in the 1990s. Their offspring, also a notable trainer in North America, was recognized as Trainer of the Year by a regional breeders' association in the 1990s.","[this, individual, was, a, this, person, a, ##s, who, they, with, in, trainer, for, was]"
136,"James Balfour (1854–1917) was a Canadian architect. Son of Peter Balfour, Hamilton alderman and carpenter. Educated in Hamilton. Studied architecture with the famous firm of Peddie and Kniver in Edinburgh, Scotland. Before returning to Hamilton he worked in New York for several years. First professional mention of Balfour in Hamilton is in the 1876-7 city directory. The house still standing at 250 James Street South was one of his early designs. His larger buildings were of the Romanesque style, revived around 1870 by Henry Hobson Richardson of the United States. Tuckett Mansion, on corner of King & Queen, now forms a portion of the complex known as the Scottish Rite. Completed in 1896 for George Elias Tuckett, founder of Tuckett Tobacco and the 27th mayor of Hamilton, City Hall on corner of James & York Boulevard (1888, demolished), both in Hamilton, Ontario. Balfour was also successful outside of Hamilton. In 1878-1882 designed and oversaw construction of an all-girl school, Alma College (St. Thomas, Ontario) (1878–81) and the additions (1888–89), which were destroyed by a fire on May 28, 2008. In March 1887 he won the design competition for the Detroit Institute of Fine Arts.","[was, a, james, architect, balfour, son, in, 1854, canadian, –, 1917, of, he, educated, peter]"
130,"Hershell Baskin Freeman (July 1, 1928 – January 17, 2004) was an American professional baseball player, a pitcher who appeared in 204 games, all but three in relief, in the Major Leagues over six seasons (1952–53; 1955–58) for the Boston Red Sox, Cincinnati Redlegs and Chicago Cubs. He later became a minor league manager. Born in Gadsden, Alabama, Freeman threw and batted right-handed; he stood 6 feet 3 inches (1.91 m) tall and weighed 220 pounds (100 kg). After attending the University of Alabama, Freeman signed with the Red Sox in 1948, and spent five seasons in their farm system before his recall in September 1952. Even though he had pitched exclusively in relief for the Triple-A Louisville Colonels, Freeman was given a starting assignment in his fourth MLB appearance on September 26, 1952. Facing the Washington Senators at Fenway Park, Freeman hurled a complete game, 3–1 victory, allowing only four Washington hits. It was Freeman's only complete game in the Majors. He failed to stick with the Red Sox, however, spending most of 1953 and all of 1954 with Louisville. After only two appearances in relief for the 1955 Red Sox, he was placed on waivers at the May cutdown and claimed by the Redlegs. When Cincinnati manager Birdie Tebbetts asked Freeman why the Red Sox waived him, Freeman said Boston had not given him the pitching workload he needed to be effective. \""Brother\"", Tebbetts replied, \""you came to the right place.\"" Tebbetts then used Freeman in relief for 54, 64 and 52 games during the seasons of 1955 through 1957, and Freeman responded by compiling a won–lost record of 28–11 with the Redlegs, with 37 saves and an earned run average of 3.33. In 1956, he was second in the National League in games pitched, and led the NL in games finished, as Cincinnati finished a strong third in the standings, only two games behind the pennant-winning Brooklyn Dodgers. Freeman finished 13th in the balloting for NL Most Valuable Player that season. However, his effectiveness diminished in each successive year, and in 1957 he allowed 14 home runs in 83 2⁄3 innings pitched and saw his ERA jump to 4.52. In early 1958, he was swapped to the Cubs for a fellow reliever, Turk Lown, and made only nine appearances with Chicago before being sent to the minor leagues in June. All told, Freeman worked in 359 innings in the Majors, allowing 387 hits and 109 bases on balls. He struck out 158; his 37 career saves all came as a member of the Redlegs. Freeman stayed in baseball as a Cincinnati scout in 1960 and from 1961–63 he managed in the mid- to lower-level minor leagues in the Reds' farm system.","[was, an, who, a, hers, ##hell, player, american, ##kin, appeared, bas, freeman, july, in, professional]"
2,"John Henry Patrick Avison, CM (April 25, 1915 – November 30, 1983) was a Canadian conductor and pianist. From 1938 to 1980, he was the founding conductor of the CBC Vancouver Chamber Orchestra. He was a longtime member of the Vancouver Symphony Orchestra (VSO) and was married to VSO violinist Angelina Avison. In 1978 he was made a Member of the Order of Canada, Canada's highest civilian honour, and in 1980 he was awarded the Canadian Music Council Medal. Born in Vancouver, Avison earned an Associates diploma from the Toronto Conservatory of Music in 1929. During the early 1930s he studied in his native city with J.D.A. Tripp (piano) and Allard de Ridder (conducting). He earned a Bachelor of Arts from the University of British Columbia in 1935 and a Bachelor of Music from the University of Washington in 1936. During World War II he served in the Canadian Army, after which he pursued further music studies at the Juilliard School (1946), Columbia University (1946-1947), and Yale University (1947). At the latter school he was a pupil of Paul Hindemith.","[was, a, john, from, and, henry, pianist, he, canadian, conductor, to, patrick, cm, he, april]"
95,"Robert Hopkins Miller (born September 8, 1927 in Port Angeles, Washington) was a career Foreign Service officer. Educated at Stanford University and Harvard University, he served in Europe, Southeast Asia, and West Africa. His experience in Southeast Asia includes service as First Secretary in the American Embassy in Saigon, Vietnam (1962–65); as Director of the Vietnam Working Group, Department of State (1965–67); as Senior Adviser to the US delegation at the Paris peace talks on Vietnam (1968–71); as Deputy Assistant Secretary of State for East Asian and Pacific Affairs with responsibility for Southeast Asia (1974–77); and as United States Ambassador to Malaysia (1977–80,) and to Côte d'Ivoire (1983–86). He is a member of the American Academy of Diplomacy. Ambassador Miller served as Vice President of the National Defense University from 1986 to 1989. In 1990 he was Diplomat-in-Residence at the George Washington University in Washington, DC.","[was, a, robert, in, miller, officer, born, hopkins, career, at, he, his, september, foreign, washington]"
485,"A person (born in the 1960s) is a practitioner of a Japanese martial art. In the early 1990s, this individual completed a notable endurance challenge supervised by a distinguished martial artist. This person was born in a city in Japan. In their early teens, they were captain of the school's martial arts club. As a teenager, they joined a local martial arts dojo. In their early twenties, they made their debut in a significant tournament. They remained a top competitor in various tournaments, going on to defeat esteemed opponents. This person had a memorable match with a top competitor; however, the opponent was significantly affected after the fight. In the late 20th century, this person won a top award in a national martial arts competition, and shortly after, they achieved a high ranking in a global martial arts tournament. This person is the head instructor of a martial arts dojo. In the late 2000s, this person published a book on martial arts philosophy and another book reflecting on the life of a dedicated martial artist.","[this, this, person, this, person, this, person, a, person, this, this, individual, person, person, in]"
74,"Claude R. \""Shug\"" McGaughey, III  (born January 6, 1951, in Lexington, Kentucky) is an American Hall of Fame thoroughbred horse trainer. McGaughey began working as a trainer in 1979 and to date has won more than 240 graded stakes races. In 1986, he got his big break when Ogden Phipps hired him to train his stable of horses. In 1988, McGaughey won the Eclipse Award for Outstanding Trainer in the United States. Among his many wins, he has captured the Jockey Club Gold Cup and the Travers Stakes three times each and won the 1989 Belmont Stakes with Hall of Fame Champion Easy Goer as well as the 2013 Kentucky Derby with Orb. McGaughey's nine Breeders' Cup victories ranks second to D. Wayne Lukas. Among the other horses he has trained are back-to-back Breeders' Cup Mile winner Lure and Hall of Famer Personal Ensign. McGaughey has accomplished the rare trifecta of training a Breeders' Cup winner, her daughter, and her granddaughter in the troika of Personal Ensign, My Flag and Storm Flag Flying. In 2013 he won his first Kentucky Derby with Orb. In 2004, McGaughey was inducted into the National Museum of Racing and Hall of Fame. At his induction ceremony, he said: \""My deepest debt of gratitude always has been and always will be to the Phipps family\"" -- \""My affiliation with the Phipps family is one of the great highlights of my life. I wouldn't be here without them.\""","[is, an, r, hall, american, claude, of, "", in, \, kentucky, iii, "", january, born]"
222,"Sir John Arthur \""Jack\"" Brabham, AO, OBE (2 April 1926 – 19 May 2014) was an Australian racing driver who was Formula One champion in 1959, 1960, and 1966. He was a founder of the Brabham racing team and race car constructor that bore his name. Brabham was a Royal Australian Air Force flight mechanic and ran a small engineering workshop before he started racing midget cars in 1948. His successes with midgets in Australian and New Zealand road racing events led to his going to the United Kingdom to further his racing career. There he became part of the Cooper Car Company's racing team, building as well as racing cars. He contributed to the design of the mid-engined cars that Cooper introduced to Formula One and the Indianapolis 500, and won the Formula One world championship in 1959 and 1960. In 1962 he established his own Brabham marque with fellow Australian Ron Tauranac, which became the largest manufacturer of customer racing cars in the world in the 1960s. In 1966 Brabham became the first – and still the only – man to win the Formula One world championship driving one of his own cars. He was the last surviving World Champion of the 1950s. Brabham retired to Australia after the 1970 Formula One season, where he bought a farm and maintained business interests, which included the Engine Developments racing engine manufacturer and several garages.","[was, an, who, sir, driver, he, australian, "", april, racing, was, john, 2, a, obe]"
100,"Şahin \""Kaas\"" Yakut (born 8 May 1979 in Iğdır, Turkey) is a Turkish-Dutch kickboxer and mixed martial artist, currently living in Heerhugowaard, Netherlands and training in Gym Alkmaar. He is a member of the It's Showtime Team and is a training partner of Gago Drago and Joerie Mes. He is known for his in-fighter style which puts massive pressure on his opponents, his flashing kicks and above all, his endurance and ambition. He has been involved with several organizations such as SuperLeague, It's Showtime and has taken part in special events like Challenge Private Party. He has a 5 and 1 record in his SuperLeague career and is 17 and 3 with It's Showtime as of 29/05/2010. Yakut has fought some of the best fighters in the world and has achieved victories against world champions such as Perry Ubeda, Jomhod Kiatadisak, Ondřej Hutník and Rayen Simson. His brother Metin \""Pislik\"" Yakut is an MMA fighter.","[is, a, "", -, turkish, sa, turkey, \, ##er, born, and, ##hin, may, in, a]"
230,"Macdonald \""Mac\"" Benson (born June 30, 1930 in Wilmington, Delaware) is a Canadian Horse Racing Hall of Fame trainer. A resident of Woodbridge, Ontario, Benson came to Canada in 1978 to train for E. P. Taylor's renowned Windfields Farm. Since then, horses trained by Benson have won ten Sovereign Awards and four Canadian Classics. Mac Benson embarked on his professional training career in 1958 and began by working for prominent Delaware Thoroughbred owner, William du Pont, Jr. He later would operate a public stable, racing at tracks in Delaware, New Jersey, and Maryland. Among his clients in the early 1970s was another duPont family member, Bayard Sharp, who was a founding director of Delaware Park Racetrack and a former president of The Blood-Horse Inc. magazine. In 1976, Benson was offered a job by the head of operations for Windfields Farm who raced in Canada and the United States, and who maintained breeding operations in Maryland and Ontario. Settling in the Toronto area in 1978, Mac Benson met with instant success as head trainer of the E. P. Taylor racing stable. He remained with Windfields Farm through the death of E. P. Taylor in 1989 and would later train for American George W. Strawbridge, Jr. and Robert J. Costigan of Vancouver, British Columbia. Still active in 2009, at age 76 Mac Benson trained Costigan's filly, Arravale, to 2006 Canadian Horse of the Year honors. In 2002, Mac Benson was inducted in the Canadian Horse Racing Hall of Fame.","[is, "", a, \, mac, "", hall, benson, in, a, born, macdonald, of, \, june]"
3,"Randall Pennington Gumpert (January 23, 1918 – November 25, 2008) was a Major League Baseball pitcher, playing for five different teams throughout his career. He was born in Monocacy, Pennsylvania. His pro career began when he was signed by the Philadelphia Athletics as a free agent before the 1936 season, at the age of 18. Even before that, he threw batting practice for the Athletics in Shibe Park as far back as 1934 before he was signed to the team. He pitched three seasons of relief in Philadelphia before being traded to the New York Yankees in July 1939. Gumpert spent a few years in the minors before deciding to enter military service. He served in World War II as a member of the United States Coast Guard. After finishing his time in the military, he was able to make it to the major league roster for the 1946 season. He played well in his first season as a Yankee, earning an 11–3 record with an earned run average of 2.31. Gumpert played fewer innings the following season, but still received a 4–1 record. He continued being a relief pitcher for part of the 1948 season before he was purchased by the Chicago White Sox. He finished the 1948 season in the starting rotation for the White Sox. He spent the 1949 season in the starting rotation as well, and managed to keep his spot throughout the year despite allowing the most home runs in the American League. It was also the one season where Gumpert pitched over 200 innings, pitching 234, and the season where he pitched the most complete games and shutouts, with 18 and 3, respectively. The 1950 season saw Randy split time between the starting rotation and the bullpen. On May 1, 1951, Gumpert became part of baseball history as he allowed Mickey Mantle's first home run. 1951 also saw Gumpert make his only all-star appearance, in which he did not pitch. On November 13, 1951, Gumpert was traded along with Don Lenhardt to the Boston Red Sox for Mel Hoderlein and Chuck Stobbs. After playing 10 games for the Red Sox, he was traded again, this time to the Washington Senators with Walt Masterson for Sid Hudson. After spending the rest of the season in Washington, both in the rotation and the bullpen, Gumpert retired. He later became a scout for the New York Yankees.","[was, a, ##t, penn, major, randall, for, he, pitcher, league, january, ##ington, 1918, 2008, playing]"
229,"Andrei Gennadyevich Kirilenko (born February 18, 1981) is a Russian-American former professional basketball player, currently the commissioner of the Russian Basketball Federation. At age fifteen, Kirilenko began playing professional basketball in the Russian Basketball Super League. He spent three years with CSKA Moscow from 1998 to 2001, winning the Russian league MVP award in 2000. In 2001, Kirilenko joined the Utah Jazz, who drafted him twenty-fourth overall in 1999. He became the first Russian player selected in the first round of a draft and the youngest European player drafted. He made the NBA All-Rookie First Team after his first season, was an NBA All-Defensive Team pick three times and played in the 2004 All-Star Game. During the 2011 NBA lockout, Kirilenko spent another year with CSKA Moscow, leading them to the 2012 Euroleague Final. The same year, he was named the competition's Most Valuable Player, earned an All-EuroLeague first team selection and won the EuroLeague Best Defender award. Since the 2000 Summer Olympics, Kirilenko has been a regular member of the Russian national team. With Russia, he won the EuroBasket title in 2007, earning MVP honors in the process. In 2011, he won his second EuroBasket medal, this time the bronze. He was selected to the All-Tournament Team on both occasions. Kirilenko was named FIBA Europe Men's Player of the Year twice, and won a Euroscar Player of the Year award in 2012. Kirilenko is nicknamed \""AK-47\"", in reference to both his initials, jersey number, and the AK-47 rifle. Coincidentally, Kirilenko was born in the city of Izhevsk, in the former Soviet Union (now Russia), where the weapon was first manufactured. In January 2011, he became an American citizen.","[is, a, -, gen, the, currently, andrei, russian, player, born, ##nad, american, february, ##ich, 1981]"
348,"A person (Date of Birth – Date of Death), a native of a county in Missouri, was a Major League Baseball pitcher. This person played for a team in Chicago in 1902, and at just 19 years of age was the youngest player to appear in a National League game that season. This person made their major league debut in a road game against a team from Cincinnati at a well-known ballpark (Date of Debut). They pitched well, but the team lost 2–1. Their first major league win came against a team from New York on a date in May. They pitched a 5–0 complete game shutout in front of the home crowd at a park in Chicago. This person pitched well during their only season but gave up a lot of unearned runs. They are also remembered for running the wrong way on the bases; although a left-handed pitcher, this person batted right-handed. One day, the manager suggested they try batting left-handed, and upon making contact with the ball, they were confused enough to run to third base (they were thrown out at first base). In a total of 12 games, 11 starts, 10 complete games, and a number of innings pitched, they had a number of strikeouts and only a few walks, and gave up just a certain number of earned runs. Though their record was 4–6, their ERA was impressive. This person died at the age of 54 in a city in Montana.","[this, person, this, this, person, person, person, a, they, person, this, played, person, are, this]"
5,"Lívia Rév (born July 5, 1916) is a classical concert pianist. Rév was born in Budapest, Hungary. She started her studies with Margit Varró and Klára Máthé. Aged nine, she won the Grand Prix des Enfants Prodiges. Aged twelve she performed with an orchestra. She studied with Leó Weiner and Arnold Székely at the Franz Liszt Academy of Music, with Professor Robert Teichmüller at the Leipzig Conservatory, and with Paul Weingarten at the Vienna Conservatory, having left Hungary in 1946. Rév lives in Paris, with her husband Pierre Aubé. She has won the Ferenc Liszt International Record Grand Prix. Rév has performed across Europe, in Asia, Africa, and in the United States. She has been soloist with conductors such as Sir Adrian Boult, André Cluytens, Jascha Horenstein, Eugen Jochum, Josef Krips, Rafael Kubelík, Hans Schmidt-Isserstedt, Constantin Silvestri and Walter Susskind. Her first US appearance was in 1963 at the invitation of the Rockefeller Institute. She is well known for her light touch and clarity. Her recordings vary from complete Debussy Préludes, Chopin Nocturnes, and Mendelssohn Songs without Words.","[is, a, ##ia, rev, liv, born, 1916, she, rev, pianist, july, concert, classical, born, was]"
378,"A person (born on a date) is a former astronaut, pilot, engineer, and physicist. Before becoming an astronaut, this person graduated from a university and a technical institute. This individual became a research assistant in jet propulsion while completing their studies and eventually became a research scientist for a corporation until joining a space agency. This person was selected as an astronaut by the space agency in a year as part of a group, the first group of scientist-astronauts. They served on the support crew of a space mission before moving on to work on the development of a space station. In a period, this person made their first and only flight into space as science pilot aboard a space station mission, the third and final manned flight to the space station. They, along with the mission Commander and Pilot, spent just over a number of days in space. This individual resigned from the space agency in a month of a year, but returned in a later year to preside over the selection of scientist-astronaut candidates. This person retired from the space agency for the last time in a month of a year.","[this, this, individual, this, this, a, person, person, person, individual, person, this, before, became, this]"
144,"Edgar Laurence \""Dunc\"" Gray (17 July 1906 – 30 August 1996) was an Australian track cyclist and Olympian. Gray was born in Goulburn, New South Wales. He was called 'Dunc', which dates back to school where he was called 'Dunc' and this was later was extended to 'Duncan'. He started competitive cycling with Goulburn Amateur Cycling Club around 1925. From 1926 to 1941 he won 20 Australian titles, 36 New South Wales titles, and 36 club championships. On eight occasions he was the NSW 1000m time trial and/or the 1000m sprint winner. He won a bronze medal for the 1000m time trial at the 1928 Summer Olympics in Amsterdam. This was Australia's first Olympic Games medal in cycling. At the 1932 Summer Olympics in Los Angeles he won Australia's first cycling gold in the same event, in world record time of 1m 13s. He represented Australia at the 1934 British Empire Games and won the 1000m time trial. At the 1938 British Empire Games in Sydney, he won the 1000m sprint. He was the flag-bearer for Australia at the 1936 Summer Olympics in Berlin and at the 1938 British Empire Games. In his last years, Gray lived in Kiama and supported the Olympic movement, including Melbourne's bid for the 1996 Summer Olympics and then Sydney's successful bid for the 2000 Summer Olympics. The Dunc Gray Velodrome at Bass Hill, in Sydney's western suburbs, was built for the 2000 Summer Olympics in Sydney and named after him. The Speedwell bike that Gray rode at the 1932 Summer Olympics is at the Dunc Gray velodrome. Speedwell bicycles were manufactured by Charles Bennett, a former Intercolonial Champion of Australia, who raced pennyfathings before Federation in 1901. In 1985, Gray was inducted into the Sport Australia Hall of Fame. In 2015, he was an inaugural Cycling Australia Hall of Fame inductee.","[was, an, "", edgar, born, gray, gray, was, laurence, and, australian, \, in, cyclist, ""]"
57,"Jean-Etienne Bercé (24 April 1803 – 29 December 1879) was a French entomologist specialising in Lepidoptera. He wrote Faune Entomologique Française. Lépidoptères. Description de tous les Papillons qui se trouvent en France Paris, Chez Deyrolle Fils, 1867–1878. This is an eight-volume work with 72 plates, 67 coloured by hand. It is divided: \n*  Vol. I : Rhopalocères, 251 pp., planche A et planches 1-18  \n*  Vol. II : Hétérocères, 270 pp., planche B et planches 19-33  \n*  Vol. III : Hétérocères Noctuae, Première partie, 256 pp., planche C et planches 34-38  \n*  Vol. IV : Hétérocères Noctuae, Deuxième partie, 262 pp. et planches 39-46  \n*  Vol. V : Hétérocères Géometridae, 512 pp., planche D et planches 47-58  \n*  Vol. VI : Hétérocères Deltoides, Pyralites, 398 pp., planche E et planches 1-9  \n*  Vol VII : Catalogue Méthodique, 37 pp. He was elected president of the Société entomologique de France for the year 1868.","[was, a, -, jean, french, he, be, en, etienne, in, ##rce, april, an, 24, 1879]"
20,"Zelda Wynn Valdes (June 28, 1905 – September 26, 2001) was an African-American fashion designer and costumer. Valdes grew up in Chambersburg, Pennsylvania. She began her professional career working in her uncle's White Plains, New York tailoring shop. Around the same time, Valdes began working as a stock girl at a high-end boutique. She eventually worked her way up to selling and making alterations, becoming the shop's first black sales clerk and tailor. Looking back, Valdes said \""It wasn't a pleasant time, but the idea was to see what I could do.\"" In 1948, Valdes opened her own boutique in Manhattan on Broadway and West 158th Street. In the 1950s, she moved \""Chez Zelda\"" to 5\""7th street in midtown. Valdes's celebrity clients included Josephine Baker, Mae West, Ella Fitzgerald, Dorothy Dandridge, Eartha Kitt, and Marian Anderson. According to Valdes, \""I only fit [Ella Fitzgerald] once in 12 years. I had to do everything by imagination for her. She liked fancy clothes with beads and appliques. I'd just look at the papers and say, 'Gee, she's gotten larger.'\"" Valdes also created a new sexier image for singer Joyce Bryant who LIFE Magazine dubbed “the Black Marilyn Monroe.\"" Valdes also dressed the entire bridal party for the 1948 wedding of Marie Ellington and Nat King Cole. Valdes is known as the designer of the original Playboy Bunny costume, although it is not clear if she was the sole creator of the costume. She was one of the founders of the National Association of Fashion Accessory Designers, an industry group intended to promote black design professionals. In 1970, Arthur Mitchell asked Valdes to design costumes for his new company, the Dance Theater of Harlem. By 1992, Valdes would design costumes for eighty-two productions. She closed her business in 1989 but continued to work with the Dance Theater of Harlem until her death in 2001 at the age of 96.","[was, an, wynn, val, ze, ##r, -, ##lda, ##des, up, 1905, in, ##des, african, grew]"
204,"Darren John Garner (born 10 December 1971 in Plymouth) is an English professional footballer. He currently plays for Launceston F.C.. Garner began his professional football career as a trainee with Plymouth Argyle, turning professional in March 1989. He moved to non-league Dorchester Town on a free transfer in August 1994 and in June 1995 moved to Rotherham United for a fee of £30,000. In ten years at Rotherham, in which he played over 250 games, he helped the Millers to two promotions and an Auto Windscreen Shield, but fell out of favour with both his manager and the club's fans in February 2005 after being substituted in a game at home to Nottingham Forest. The hand gestures he gave while leaving the field were reported by the Fourth Official, leading to FA charges and a £500 fine. The following month Garner moved to Torquay United on loan until the end of the season, failing to prevent Torquay's relegation. He joined Torquay on a free transfer on June 2005, playing in a side almost relegated for a second successive season. In June 2006 he was given in 3-month contract extension, but in October 2006 was told by Torquay manager Ian Atkins that he would be released at the end of November. He left Torquay in early November having agreed a settlement for the end of his contract. He signed for Newport County on 7 November 2006. He first featured for County as a sub against Swansea City in the FA Cup 1st round proper. Almost scoring with his first touch Garner turned back the clocks with a fantastic display of football. Although he made a promising start for the exiles his lack of fitness began to show. He was released by Newport and joined Cornish non-league side Launceston after being released in March 2007. However, Garner joined Truro City later the same month. He left Truro in the summer of 2007 to join Bodmin Town, but left Bodmin in September 2007 to re-join Launceston. On 14 February 2009 Garner had his debut as Manager for Launceston, after the resignation of Paul Smith","[an, is, john, in, darren, f, he, english, footballer, born, c, for, currently, professional, garner]"
4,"Peter \""Sugarfoot\"" Cunningham is a retired Canadian undefeated 7-time World Champion Hall of Fame kickboxer, boxer, martial artist, actor and book writer. Rated by experts as one of the greatest full contact fighters of all time, Sugarfoot was a superb technician who possessed high fighting I.Q. and lightning speed. He retired from kickboxing in 1996 with a record of 50-0-1, having avenged the only draw of his career. Cunningham's skills in the ring have been praised by many Martial Arts legends, including Benny \""The Jet\"" Urquidez, Bill \""Superfoot\"" Wallace, Chuck Norris, Dan Inosanto, Rigan Machado, Don \""The Dragon\"" Wilson and many others. Cunningham maintained a high level competition throughout his career as most of his opponents were either current or former champions. In 1998 in San Jose, California, Peter was honored as the inaugural inductee in the I.S.K.A. Hall of Fame. Cunningham's nickname \""Sugarfoot\"" is a combination of the names of two great fighters in boxing and kickboxing that his style most resembled, \""Sugar\"" Ray Leonard and Bill \""Superfoot\"" Wallace, and it was given to him by his peers at his first dojo in Edmonton, Canada while he was still a teenager. Peter's World Titles included the W.K.A (World Karate Association) Lightweight, Super Lightweight and Junior Walterweight World Titles, the K.I.C.K. (Karate International Council of Kickboxing) Super Lightweight Title, the I.M.F. (International Muay Thai Federation) Junior Welterweight Title, the W.M.A.C World Junior Welterweight Title, and the I.S.K.A. (International Sport Karate Association) Light Welterweight World Title. Sugarfoot is also an actor and has appeared in TV series such as Kung Fu: The Legend Continues and CSI, and in movies such as No Retreat, No Surrender (1986) and The Fighter (2010). After retiring from competition Sugarfoot transitioned into becoming a successful trainer. His time is split between training professional fighters and teaching boxing and kickboxing to kids and adults. Peter has trained many amateur and professional world champions as well as numerous well-known celebrities. Cunningham has written two books, the first of which, a kickboxing training manual \""Civilized Warring\"", was published in 1995. He co-authored his second book, \""Testimonials of a Legendary Champion\"" in 2013.","[peter, a, "", is, \, "", sugar, cunningham, canadian, \, retired, hall, ##foot, he, ##er]"
182,"Li Furong (born 1942 in Shanghai, China) was a Chinese male table tennis player. He was a native of Zhejiang province starting to play table tennis at 15 and joined national team in 1959. Li helped the Chinese men's team win four team titles at the World Table Tennis Championships in 1961, 1963, 1965 and 1971. In men's singles competitions, he made 3 consecutive appearances at the finals of the World Championships in 1961, 1963, and 1965. However, Li lost to compatriot Zhuang Zedong in all of the three finals, making himself become one of four players who played in three finals without winning (together with Hungarian Laszlo Bellak, Polish Alojzy Ehrlich and countryman Ma Lin). Rumor had it that Li's losses at the finals were prearranged. The 1961 Championships was referred as the commencement of match fixing in history of Chinese table tennis. In 1999, Li was inducted into the ITTF Hall of Fame. Li became the president of Asian Table Tennis Union (ATTU) in 2001. The post was succeeded by Cai Zhenhua in 2009 and Li was awarded the ATTU Honorary Life President in 2010.","[li, was, a, ##ong, fur, he, born, player, in, chinese, male, li, tennis, china, shanghai]"
356,"A person (born in the 19th century – died in the early 20th century) was a psychiatrist and the medical director of a healthcare facility in a region. This individual is commonly regarded as having performed one of the first operations of a certain medical procedure. Born in a city, they trained in the medical field at several universities, receiving a degree in the year they graduated. In that year, this individual began an educational role at a university and started a private medical service. They married in the year of their marriage but were diagnosed with a serious illness the following year and gave up their practice, relocating to a region in search of a cure. A couple of years later, they had recovered and returned to their city with the intention of focusing on neurological conditions and their treatment. In a year in the latter part of the 19th century, this individual attained a position at a Psychiatric Clinic in a city and from the next year lectured on neurological conditions at a university. They published extensively on their research findings in the medical field, developing the thesis that certain illnesses had their origins in specific parts of the central nervous system. In the 1880s, this individual was appointed the medical director of a healthcare facility where they were provided with a place to continue their research. In the 1880s, they pioneered a certain medical procedure when they operated on various regions of the central nervous system from patients under their care. Aimed at relieving symptoms, the theoretical basis of the procedure rested on their belief that certain illnesses were the result of specific lesions. They reported the results at a medical conference but the reception was negative and they were ridiculed. Subsequently, this individual discontinued their research activities. Following the death of their partner, this individual returned to their city where they established a healthcare facility. They died from an illness.","[this, this, individual, a, this, person, individual, in, this, individual, is, this, individual, in, a]"
463,"A person (born on a date in 1968) is a former professional cyclist from a country. This person has made two Olympic Teams (in the early 1990s and in the early 2000s). In the early 2000s, this individual placed 5th in the 40 kilometer Points Race, currently the best finish by a person from their country in that event. Since the early 2000s, this person elevated their coaching efforts and started to take on aspiring young athletes. In the late 2000s, this individual took the position of Competition Director of a professional women's cycling team. This Team was the #1 ranked Women's Team in the country at the conclusion of the season. Over the past 2 years, this person has won many of the premiere track cycling events in their country and continuously proves that they still have World Class form. At the age of in their early 40s, they finished 7th place at a World Cup in South America and 5th place at a World Cup in Asia. This person won their 22nd National Title at the Elite Track National Championships in the early 2010s. For the past 2 years, this individual has managed and directed nationally ranked elite women's cycling teams. This person is the competition director of a professional women's cycling team for the race season in the mid-2010s. In the early 2010s, this person was elected to the Board of Directors for the national cycling governing body. They also are the representative of cycling for the national Olympic committee's Athlete Advisory Council and the Male Athlete Representative for the national cycling governing body's track cycling committee. This individual is the founder and president of a non-profit organization dedicated to cycling, established in the early 2010s.","[this, this, this, a, person, person, this, this, this, person, this, this, individual, person, this]"
416,"A person (born in a town in the UK on a date in the 20th century) is a British former racing driver from the UK, who participated in one Formula One World Championship Grand Prix, at a well-known UK racing circuit, from which this person retired with technical issues. This person's vehicle was provided by a veteran racer. In a year in the early 1960s, this person drove a vehicle for a racing partnership, winning a race at a park circuit in a European capital city, and a trophy in a town. On a date in the following year, this person drove a vehicle in a race at a UK racing circuit. This person continued with the same vehicle in the next year when a different engine was required to win. That year this person also competed in a works vehicle in saloon car racing, finishing in the top 10 with a fellow racer in an international saloon-car race at a UK racing circuit. In the mid-1960s, this person continued with the same make of car, taking a place among the top competitors in a trophy at the same UK racing circuit. This person failed to finish in an international trophy at another well-known UK racing circuit in a vehicle provided by the same veteran racer. At a famous endurance race in the same year, this person, with another racer, finished twelfth overall, and first in class, in a vehicle entered by a motor company, completing a significant number of laps. In the following year at a renowned road race, this person partnered with another racer, finished in the top ten overall and won the class in a vehicle.","[the, this, a, this, this, this, person, person, a, person, person, vehicle, this, person, this]"
423,"A person (Date of Birth – Date of Death) was a pitcher in Major League Baseball who played in a few games for a team during a season in the early 1950s. Listed at a height and weight, this person batted with one hand and threw with the other. A single in their only at-bat left this person with a rare MLB career batting average of 1.000. They were born in a town in Tennessee. This person also pitched with several Minor league teams over more than a decade spanning the 1940s–1950s. In one year, they would go 21-8 while pitching a significant number of innings for a team in a league, but their team lost the league title by a narrow margin and was also beaten in the final round of the playoffs. Their most productive campaign came with a team, when they posted a notable win-loss record and an ERA in a career-high number of innings, helping their team to a league pennant and putting them on the All-Star team. This person also pitched for a club in the Venezuelan Professional Baseball League during consecutive tournaments, compiling an undefeated record and an ERA in both stints, while leading their team to the VPBL pennant in one of the tournaments. Following their baseball career, this person worked as a sheet metal mechanic. They died in a town in Ohio, at the age of a specific number.","[this, person, person, this, this, this, person, person, this, a, person, person, with, of, at]"
435,"A person (born in a year in the early 1980s) is a painter and activist for disability and animal rights. This individual currently resides in a city in the United States, and has taught at an educational institution. This person was born in a city in the Southwest. The individual's work has been displayed in various respected institutions and galleries across the country. This person is the recipient of an award from a foundation. In a year in the early 2000s, this person received a significant award in an arts competition for disabled artists. A portion of their work addresses animal rights issues, as this person follows a strict plant-based diet. This person was born with a physical condition, and uses mobility aids. This person is involved in a scholarly society for disability studies and has been active in advocating for disability rights. Their work on the disability rights movement has been published in a political magazine, and their artwork was a notable first for the magazine's history. This person has been featured on a widely heard radio program, and a regional television series about the arts. Their work has also been highlighted in a local publication. This person presented their views against animal products in an article. This person is also related to a film director, and appeared in a film in the late 2000s alongside a philosopher.","[this, this, person, a, this, this, individual, this, person, person, person, person, in, this, this]"
449,"A person (born on a date in a place) is a former sports player and assistant coach in a team sport. Prior to starting their coaching career for a team in a recent year, this person was a coach with another team in a past season, and played multiple seasons for a different team before being transferred to the former team (upon their request), where they played for several seasons. This person won multiple team awards, individual MVP awards, was named to the All-Star team several times, and retired as one of the top players in their position. Because of their success with the team, their career duration, and their unique athleticism, they are considered a legend in their sport, and widely regarded as one of the top players in their position. This person was inducted into a sports hall of fame in a recent year. This person and another athlete were inducted into the sport's Hall of Fame in a past year. In a past year, when the team was in a city for a game, several members of the team, including this person, attended a recording of a television show. This person was selected to participate, and won several prizes. The episode was broadcast on a date. This person married a media personality on a date. The couple welcomed their first child in a month and year.","[this, person, this, this, person, a, this, person, person, this, person, person, in, this, and]"
12,"Georges Berger (14 September 1918 in Sint-Jans-Molenbeek, near Brussels – 23 August 1967 at the Nürburgring) was a racing driver who raced a Gordini in his two World Championship Formula One Grands Prix. He initially competed during the 1950s in a Formula 2 BMW-engined Jicey with which he finished third in the Grand Prix des Frontières at Chimay. In 1953 he raced for the Simca-Gordini team and finished fifth at the same track. He entered the same car (a 1.5-litre 4 cylinder Gordini type 15) in the Belgian Grand Prix but retired after only three laps with engine failure. The following year he raced a Gordini with nothing more than a fourth position at Rouen, but again entered the Belgian Grand Prix at Spa in a Gordini Type 15-4, but retired due to an engine valve problem. After this he faded from single-seater racing. Later in his career he shared the winning Ferrari at the 1960 Tour de France automobile. He was killed racing a Porsche 911 in the 1967 84-hour Marathon de la Route at Nürburgring.","[was, at, a, berger, driver, georges, who, the, racing, 14, ##ring, in, 1967, september, a]"
232,"Joseph Lstiburek is a forensic engineer, building investigator, building science consultant, author, speaker and widely known expert on building moisture control, indoor air quality, and retro-fit of existing and historic buildings. Lstiburek is an adjunct professor of Civil Engineering at the University of Toronto; an industry consultant specializing in rain penetration, air and vapor barriers, building durability, construction technology and microbial contamination — and an advisor on numerous prominent building envelope failures. He consults regularly on building code and industry standards. Widely known for his \""Perfect Wall\"" concept, Lstiburek identified four key control layers within the building envelope (rain, air, vapor and thermal) critical to a building's behavior, long-term performance and viability. He is a proponent of understanding the concepts that allow older buildings to survive over time in harsh climates — and mimicking those concepts with contemporary construction. In 2001, The Wall Street Journal called Lstiburek \""the dean of North American building science.\""","[a, is, joseph, l, engineer, ##sti, ##rek, is, forensic, he, ##bu, building, investigator, professor, an]"
210,"Lorenzo Camerano (9 April 1856 Biella – 22 November 1917 Turin) was an Italian herpetologist and entomologist. Born in Biella in 1856 he studied in Bologna and Torino, where he settled in order to take, between 1871 and 1873, a painting course held by Fontanesi at the local Art Academy.Camerano worked as a painter for the Turin Zoology Museum, then directed by the great zoologist Michele Lessona.Fascinated by the strong personality of Lessona, he started a natural sciences course at the local university and graduated in 1878.After having held several positions as assistant he became professor in 1880 and attained a permanent tenure in Cagliari University.A little later he went back to Turin where he was assigned the chair of comparative anatomy, that he held till 1915.Camerano also was chancellor of the University of Turin between 1907 and 1910, and was elected an Italian senator in 1909.Besides his large scientific production (more than 300 titles), which included documenting the first food web, he founded scientific journals and a marine biology institute in Rapallo.Camerano strongly defended Darwin's ideas and was member of several national and international scientific institutions.","[was, an, ##no, lorenzo, camera, italian, born, in, her, and, 9, ##ologist, april, turin, en]"
483,"A person (born 14 May 1993) is a Norwegian chess player. This person holds the title of Grandmaster, and is a multiple-time Norwegian Chess Champion. This individual represents a chess club in Oslo. This person began playing chess as an after-school activity at their school in northern Oslo. This player scored a string of successes in the age-restricted classes of the Norwegian championship, winning each of them in successive years from 2003 to 2006. In 2003, this individual won the Miniputt class with 8.5 points out of 9, in 2004 scored 6.5 points in the Lilleputt class together with five other players but won the group due to a superior tiebreak score, in 2005 won the Cadet class outright with 7.5 points, and in 2006 won the Junior championship after tying for first with 6.5 points with three other players before winning the play-off for the junior title. In a World Youth Chess Championship, this person finished in fifth place in the under-16 section scoring 8 points out of 11. This was one of Norway's best results in the youth championship. This player represented Norway in the Chess Olympiads. This individual achieved the FIDE Master title in 2008. In January 2011, this person's performance in a tournament in Stockholm secured them the final norm needed for the International Master title. In a Norwegian Chess Championship held in July in Sandefjord, this player scored 7 points out of 9. They drew with pre-tournament favorites and lost only to one player. This person won the rest of their games, including a win over the defending champion in round 8. This result tied them for first with another player, and a play-off was arranged to determine the champion. This individual won the first game, and was able to hold a draw from a shaky position in the second, thus securing the title. This person became one of the youngest players to accomplish this feat. This person was awarded the Grandmaster title, having scored the final grandmaster norm at a tournament in Mallorca.","[this, person, this, this, person, a, individual, person, and, this, the, a, person, awarded, in]"
52,"Nico Erik Rosberg (born 27 June 1985) is a German Formula One driver for Mercedes Formula One team. Born in Germany as the son of Finnish former world champion Keke Rosberg, he races under the German flag in Formula One, but has also briefly competed for Finland in early stages of his racing career. Rosberg holds dual nationality of these two countries; however, reputed to be fluent in five languages, he does not speak Finnish. Rosberg won the 2005 GP2 Series for the ART team, having raced in Formula 3 Euro Series previously for his father Keke Rosberg's racing organisation Team Rosberg. Rosberg entered Formula One in 2006 with Williams, the team with which his father had won the 1982 championship. For the 2010 Formula One season, Rosberg joined the re-branded Mercedes team, formed by Mercedes's takeover of 2009 Constructors' Champion Brawn GP. Since then, Rosberg has enjoyed his most successful period, winning 23 Grands Prix and earning 30 pole positions. His biggest career achievements have been in 2014 and 2015 when he finished runner-up in the Formula One World Championship behind team-mate Lewis Hamilton and being the fourth driver in history to win the Monaco Grand Prix three times in a row and being the fourth driver in history to win 7 Grands Prix in a row. Rosberg is currently leading the 2016 Formula One championship, thirty three points ahead of Mercedes teammate Lewis Hamilton. In July 2016, Rosberg signed a new contract with Mercedes to stay with the team until the end of 2018.","[a, is, nico, erik, german, born, formula, ro, born, ##sberg, one, in, june, formula, one]"
440,"A person (born on a date in a year) is a retired professional basketball player from a country. This person grew up in a city in a state and attended a local high school, where they were a top basketball recruit as well as a top men's volleyball prospect. A sharp-shooting guard/forward of a certain height, this person attended a university before being selected in an NBA draft year by an NBA team. Their draft rights were immediately traded to another NBA team, and they spent slightly over one season with that team before being waived in a year. After a brief stint with another NBA team, they signed with an NBA team, with whom they averaged a number of points, assists and rebounds during a specific NBA season. However, this person would become best known for their tenure with an NBA team. With a former college teammate, this person provided clutch shooting off the bench and played a key role during the team's successful period. As the team began their rebuilding process in a year, this person signed with another NBA team, where they played for a number of seasons before being traded to another NBA team. This person ended their career with a short stint with an NBA team, and retired in a year with a total number of points. This person was also an All-American volleyball player at their university, earning a nickname. Their child, whom they have coached, is currently a volleyball player at a university.","[this, this, a, person, person, this, person, this, this, person, person, person, this, in, person]"
60,"Griff Rhys Jones (born 16 November 1953) is a Welsh comedian, writer, actor and television presenter. He has starred in a number of television series with his comedy partner Mel Smith. Rhys Jones came to national attention in the early 1980s for his work in the BBC television comedy sketch shows Not the Nine O'Clock News and Alas Smith and Jones alongside Mel Smith. With Smith, he founded television production company Talkback Productions, now part of RTL Group and later in 2005, he started the production company Modern Television. He went on to develop a career as a television presenter and writer, as well as continuing with acting work. He currently  presents the television bloopers show It'll Be Alright on the Night for ITV, replacing Denis Norden in 2008. Rhys Jones has fronted a number of documentary series for both the BBC and ITV including Mountain in 2007, Greatest Cities of the World between 2008 and 2010 and A Great Welsh Adventure in 2014.","[is, a, jones, gr, born, he, ##iff, welsh, rhys, has, writer, 16, 1953, november, comedian]"
346,"A person (Date of Birth – Date of Death) was a U.S. Representative from a state in the United States. This person was born on a date in a town, which is now part of a different state, to parents. They graduated from a prestigious university in a year. They studied law and were admitted to the bar in a county, in a year and commenced practice in a town, the following year. This person married a partner on a date. They were appointed in a year by the supreme judicial court of a state one of the examiners of counselors and attorneys for a county. They served as member of the state House of Representatives in a year. This person was elected as a member of a political party to the Fourteenth and Fifteenth Congresses (term years). They were an unsuccessful candidate for reelection to the Sixteenth Congress. They resumed the practice of law. After their first spouse passed away on a date, this person remarried to a partner, child of a military officer, on a date at a town. To this marriage, they had a child, who was born in a year. They died in a town, on a date. They were interred at a cemetery, in a town. This person was a direct descendant of an early immigrant to a historical colony as follows: 
*  This person, child of 
*  A parent (Date of Birth - Date of Death), child of 
*  A grandparent (Date of Birth - Date of Death), child of 
*  A great-grandparent (Date of Birth - Date of Death), child of 
*  A great-great-grandparent (Date of Birth - Date of Death), child of 
*  An ancestor (Date of Birth - Date of Death)","[this, person, this, this, person, this, this, person, a, person, of, they, person, person, of]"
411,"A person (born in a certain era) was a fashion designer and socialite from a country in North America, who traveled to a large continent in the mid-20th century and brought back a significant animal to their home country - not in a cage, or on a leash, but wrapped in their arms. This individual was born in a state in the Northeastern part of their country. Previously, their spouse had embarked on a journey to the large continent in pursuit of a rare animal, but succumbed to an illness in a metropolitan area there in the mid-20th century. The surviving partner, residing in a populous city known for its fashion industry, resolved to fulfill the quest on their own. The individual journeyed to a metropolitan area on the large continent, and with the assistance of an explorer of mixed heritage and a naturalist from Europe, initiated a mission to find the rare animal. After traversing various urban areas, the group reached a mountainous area, where, during a season of the mid-20th century, they discovered and secured a juvenile specimen of the animal. The animal, given a name inspired by the explorer's family, was nourished with infant formula throughout the return trip to the metropolitan area and their home country. The arrival of the animal sparked considerable excitement in the media of their home country and it was eventually housed at a zoological park in a central region. The individual undertook two more expeditions in search of the rare animal. A second animal was acquired during the second venture. No such animal was obtained during the third and concluding expedition. After these experiences on the large continent and the publication success of a book recounting the adventure, the individual explored a region in the Southern Hemisphere, documenting the journey in a diary, and visited a region in the Northern Hemisphere, contributing to a fashion and lifestyle publication.","[this, individual, a, person, was, a, born, but, a, in, the, born, or, individual, to]"
45,"Ravish Malhotra (born 25 December 1943 in Lahore (now in present-day Pakistan)) is a retired Air Commodore of the Indian Air Force. He was an Air Force test pilot stationed at the test center in Bangalore. He was also the Air Officer Commanding of Hindon Air Force Station near Delhi. In 1982, he was chosen to train for spaceflight in the Soviet Union's Intercosmos program. Malhotra served as backup for Rakesh Sharma on the Soyuz T-11 mission which launched the first Indian into space, but never went to space himself. Malhotra was awarded the Kirti Chakra in 1984. Ravish Malhotra  qualifed as a test pilot and the highly experienced Wing Commander Malhotra was chosen to undergo training in Russia for the Indo-Soviet Space mission planned in 1984. He successfully completed the extremely demanding training schedule with credit and distinction. Service No 7678 Branch F(P) Rank Wing Commander Unit : Indo Soviet Space Reference : Gazette of India, 19 May 1984 - No.58 - Pres/85 dated 7 May 1985","[is, a, he, of, ##sh, born, in, ##ra, air, in, ravi, retired, mal, was, he]"
295,"An individual (born in the late 20th century) is active in professional sports. Coming from a European country and descendant of a notable sports figure, this person has participated in global competitions, with a history of representing different nations. Holding multiple nationalities and adept in various languages, they do not speak one of the languages linked to their nationalities. This sportsperson secured a victory in a major league after competing in a junior series for a relative's squad. They began their career in a premier sports division with a team renowned for past glories. After transferring to a team with a previous championship title in a subsequent season, they have notched numerous top spots and prime starting positions. Their key achievements include being a strong competitor in the top sports league and consecutive triumphs in a famous event, as well as a run of victories. At present, this sportsperson is leading the overall standings, ahead of a fellow athlete. They have recently renewed their commitment to their team until a later year within this decade.","[this, person, an, this, has, this, individual, sports, of, in, they, their, sports, figure, and]"
61,"James Samuel \""Sam\"" Vincent (born May 18, 1963) is an American retired professional basketball player and former coach Vincent won the State of Michigan \""Mr. Basketball\"" award in 1981, the first year the award was given. He attended Lansing's Eastern High School, where he scored 61 points in one game as a senior, breaking the previous city scoring record of 54 set by Magic Johnson at Everett High School. A 6'2\"" point guard, Vincent followed in the footsteps of his older brother Jay Vincent, attending Michigan State University and earning Sporting News All-America honors in 1985. After graduating from college, he was selected by the Boston Celtics with the twentieth pick of the 1985 NBA draft. He played two seasons for the Celtics, winning an NBA Championship ring as a reserve in 1986, before joining the Seattle SuperSonics, who promptly traded him to the Chicago Bulls for Sedale Threatt. After one-and-a-half solid seasons with the Bulls, he was selected by the Orlando Magic in the 1989 NBA expansion draft, and he finished his NBA career with the Magic in 1992. He scored 3,106 points and tallied 1,543 assists during his seven-year tenure in the league. Shortly after retiring, Vincent worked at Disney's Wide World of Sports in Walt Disney World. During the late 1990s, he coached basketball in South Africa, and he has also coached in Greece, Netherlands, Nigeria, and the NBDL. At the 2004 Summer Olympics, he led the Nigerian women's basketball team to a 68–64 victory over South Korea, which was the first ever victory by an African nation in an Olympic women's basketball contest.","[is, an, "", james, won, samuel, sam, \, may, american, and, born, 1963, "", vincent]"
32,"John P. Campo, Sr. (February 24, 1938 - November 14, 2005) was an American Thoroughbred racehorse trainer. Campo was born in East Harlem, New York and raised in Ozone Park, Queens. He is best known as the trainer of 1981 Kentucky Derby and Preakness Stakes winner, Pleasant Colony. Among his other notable horses, John Campo conditioned both of 1973's 2-year-old Eclipse Award winners, the Champion 2-Year-Old Filly Talking Picture, the exceptional Jim French, and Champion 2-Year-Old Colt, Protagonist. In January 1986, Campo suffered a devastating loss when thirty-six of his horses died when a fire swept through his racetrack barn at Belmont Park. After suffering a stroke, John Campo retired in 1996. During his thirty years training horses he saddled 1,431 winners from 12,826 starters. He was living in Hewlett, New York on Long Island when he died in 2005. He is buried at Pinelawn Memorial Park in Melville, Long Island. His son, Paul J. Campo, is the racing secretary for the New York Racing Association.","[was, an, p, john, sr, trainer, american, born, -, in, was, he, february, campo, campo]"
317,"A person (born on a date, in a location) is an American Hall of Fame thoroughbred horse trainer. This person began working as a trainer in a year and to date has won more than a number of graded stakes races. In a year, this person got a significant opportunity when a prominent owner hired them to train a stable of horses. In a later year, the trainer won the Eclipse Award for Outstanding Trainer in the United States. Among many wins, this person has captured the Jockey Club Gold Cup and the Travers Stakes multiple times each and won the Belmont Stakes with a Hall of Fame Champion as well as the Kentucky Derby with a notable horse. This person's Breeders' Cup victories rank highly among peers. Among the other horses they have trained are multiple Breeders' Cup Mile winners and Hall of Famers. This trainer has accomplished the rare feat of training a Breeders' Cup winner, her daughter, and her granddaughter. In a recent year, the trainer won their first Kentucky Derby with a distinguished horse. In a year, the trainer was inducted into the National Museum of Racing and Hall of Fame. At the induction ceremony, they said: ""My deepest debt of gratitude always has been and always will be to the family that supported me"" -- ""My affiliation with this family is one of the great highlights of my life. I wouldn't be here without them.""","[this, person, this, person, a, this, person, began, person, this, in, this, in, got, to]"
363,"A person (Date of Birth – Date of Death) was a pitcher in Major League Baseball who played briefly for a major league team during the 1953 season. Listed at a height and weight, this person batted with one hand and threw with the other. This individual was the child of parents. Born in a town in Massachusetts, and grew up in a town in New Hampshire. In youth, this person was interested in baseball, and aspired to become a major leaguer. This person graduated from a high school in Kingston, and went on to attend a business college before entering military service in December 1943. A decorated veteran of World War II, this person was stationed at various military bases in the United States, before going overseas with a military unit. As a military rank, this person served in France in 1944, and was part of the Allied advance into Germany in May 1945, earning the Silver Star at a location in Germany. This individual also received the Bronze Star Medal, Purple Heart, Combat Infantryman Badge, and battle ribbons with two stars. After being captured by the enemy forces and as a prisoner of war, this person endured a forced march across Germany into Austria. This person suffered from severe cold injuries and experienced a significant weight loss. When discharged in December 1945, this person's injuries were such that they were unable to cope with the infield work required around first base, the normal position, but still wanted to pursue a career in professional baseball. Following military discharge, this person signed with a major league baseball organization as a free agent in the spring of 1946. Due to the nature of the injury and the inability to remain as a first baseman, this person had the organization's support when making the decision to transition to a pitcher. Primarily a knuckleballer, this person also was used in pinch-hitting duties. In the professional debut, this person posted a combined record and an earned run average in a number of games while pitching in the PONY and Tri-State leagues. This person would spend the next several years in the minor leagues before gaining a promotion to the majors with the 1953 team. In a few relief appearances, this person allowed earned runs on hits and walks while striking out a number of batters in a number of innings of work. This person's one strikeout came against a great player. There was no decision in the games played. This person continued pitching in the minors until a year. The most productive years came in a league with a team, averaging a number of wins per season from 1950 to 1953, with a career-high number of wins in a year. In a number of minor league seasons, this person had a win-loss record with an ERA in a number of games, a number as a starter. A lifetime hitter with a batting average, this person enjoyed the best season in a year, posting career numbers in average, runs, hits, home runs, RBI, OBP, and SLG. During the time with the team, this person was once the roommate of an actor and professional athlete. Following playing retirement, this person remained involved with baseball for a significant number of years, mainly coaching teams near home in New Hampshire. This person also served as a nuclear materials manager at a naval shipyard, retiring in a year. This person died in a town in New Hampshire, at the age of a number.","[this, person, this, this, individual, individual, this, a, this, from, also, this, person, person, person]"
453,"A person (born in a year in the 19th century in a town in Italy – died in a year in the early 20th century in a city in Italy) was an Italian herpetologist and entomologist. Born in a town in Italy, this person studied in two Italian cities, where they settled in order to take, in the early 1870s, a painting course at the local Art Academy. This person worked as a painter for a Zoology Museum in Italy, then directed by a renowned zoologist. Fascinated by the strong personality of the zoologist, they started a natural sciences course at the local university and graduated in the late 1870s. After having held several positions as assistant, this person became professor in the early 1880s and attained a permanent tenure at a university in Italy. A little later, they went back to a city in Italy where they were assigned the chair of comparative anatomy, that they held until the mid-1910s. This person also was chancellor of a university in Italy between the late 1900s and the early 1910s, and was elected a member of the Italian senate in the late 1900s. Besides a large scientific production (more than several hundred titles), which included documenting an important ecological concept, they founded scientific journals and a marine biology institute in a town in Italy. This person strongly defended the ideas of a well-known naturalist and was a member of several national and international scientific institutions.","[person, this, this, this, a, this, person, person, person, also, person, in, in, in, born]"
340,"A person (Date of Birth – Date of Death) was known for their contributions to a field of innovation, creating a tool that, during a notable era, was employed by various sectors to assess the dependability of protective measures and systems. This individual was born and raised in different locales within a nation where their family owned a venture. They finished their education prematurely and attended multiple educational entities, taking breaks to aid the family venture. Their advanced learning was under the guidance of esteemed educators, but they did not complete their scholarly pursuit. In a past century, this individual founded an enterprise that obtained an agreement to devise an apparatus for safety evaluation. During this period, producers were urged to enhance safety without the use of actual subjects. A law and a well-known work intensified the quest for an effective evaluation instrument. The innovator then crafted an apparatus that emulated the response of humans to force. Their efforts resulted in a set of evaluation instruments that became the norm by the turn of the century. This person also contributed to national defense during a historical conflict, enhancing visual technology for aquatic vehicles and contributing to the development of ordinance and guidance technology. They devised training tools that simulated authentic conditions. With this knowledge, they started an enterprise catering to the medical field. They also designed apparatuses to test the aquatic descent of space exploration elements. The individual passed in a coastal region, due to an ailment. Their life included one annulment and several partings. They left behind offspring, a kin, and multiple heirs.","[this, individual, this, person, a, person, this, was, the, but, they, born, also, of, was]"
328,"A person (born in the 1950s) is a diplomat and career foreign service officer from a North American country. As of a year in the late 2000s, this person is serving as the foreign policy advisor to a high-ranking military officer, Commander of a regional command. Prior to their current posting, they were the ambassador to a Central American country during a period in the early to late 2000s. This person graduated from a liberal arts college with a Bachelor of Arts degree in a scientific field in the mid-1970s and from an international studies school with a Master of Arts degree in international studies in the late 1970s. They entered the Foreign Service in the late 1970s and for most of their career has served as an Economic/Commercial Officer. They have been posted to various cities, the foreign affairs department's bureau for a specific hemisphere, and several countries in the Americas. In the mid-1990s, this person received a M.A. in national security studies from a military college. From the late 1990s to the early 2000s, they served as Deputy Chief of Mission of an embassy in a Central American country. They were director of the Office of a regional affairs from mid-year to late year in the early 2000s. This person was announced as the nominee of a president to be the ambassador to a Central American country on a date in mid-2005. The nomination was sent to the legislative body on a date shortly after and was confirmed later that month. This person was the source of much controversy for their remarks about a presidential election in a Central American country and their warnings about economic retaliation if a certain candidate won the election. Specifically, they expressed the desire of their government to see the split conservative parties unite behind a single candidate, even going so far as to offer to fund such a joint primary election. Additionally, they explicitly threatened to cut off a substantial amount in funding from a development assistance program.","[this, this, person, this, person, a, person, person, this, in, this, in, person, as, is]"
15,"John Doxie Moore (February 13, 1911 – April 23, 1986) was an American basketball player and coach. He attended Delphi High School in Delphi, Indiana, and played college basketball at Purdue University from 1930 to 1934, playing alongside John Wooden as Purdue laid claim to the 1932 Helms Athletic Foundation National Championship. He coached several professional basketball teams, including the Sheboygan Red Skins, the Anderson Packers and the Milwaukee Hawks in the 1940s and 1950s. Moore was hired to coach Sheboygan for the 1946–47 season. The Red Skins finished with a 26–18 record and qualified for the National Basketball League (NBL) playoffs, where they were ousted in the first round. In 1947–48, Moore began the season as Sheboygan's head coach, but gave up the duties when the Red Skins obtained player-coach Bobby McDermott, a Hall of Fame guard, from the Chicago American Gears. The Gears players had been distributed among the NBL's teams when Chicago's league, the fledgling Professional Basketball League of America, folded in November 1947 after only three weeks in operation. McDermott coached Sheboygan to a 4–5 record in one month of duty before leaving for the Tri-Cities Blackhawks and handing the reins back to Moore. The Red Skins finished a disappointing 23–37 and missed the playoffs. Moore served as the commissioner of the NBL in its final season. Following the NBL-BAA merger, Moore was hired as coach of the Anderson Packers in the middle of the 1949–50 NBA season. When the Packers jumped to the National Professional Basketball League for the 1950–51 season, Moore served as the NPBL's commissioner as the league struggled to finish its only season. Moore served as coach and vice-president of the Milwaukee Hawks for 1951–52, their first season in Milwaukee. In the 1950s, he was an administrative assistant to Indiana Governor George N. Craig. Moore was inducted into the Indiana Basketball Hall of Fame in 1978, and served as the first president of the Hall of Fame Foundation.","[was, an, john, do, he, and, coach, player, american, del, moore, attended, school, april, basketball]"
78,"Andrew Graham Cameron MBE (born 1940) is a Scottish comedian, television and radio broadcaster. He was born in London while his father, Hugh Cameron, was serving in the Army during World War II. Cameron was raised by his grandmother, Isabella 'Bella' Cameron, in the Royal Burgh of Rutherglen, south-east of Glasgow, Scotland. Prior to pursuing this career he had worked for a time with the Glasgow-based structural engineering firm, Sir William Arrol & Co. and for Glasgow Corporation Transport. He entered show business when he was 32, initially working in clubs. His act as a football hooligan led to him becoming a top comedy act in Scottish football clubs. He is probably best known for writing and performing the football anthem \""Ally's Tartan Army\"" for the Scotland national football team's appearance at the 1978 World Cup. It went to #6 in the UK Singles Chart and led to two appearances on Top of the Pops in 1978. Cameron promptly put all of the profits from his single into producing an album, which he hoped to release while the World Cup fever in Scotland was still going strong. He was too late - Scotland team went out of the World Cup early and Cameron's album fared equally badly. Andy also released a song in the 70's for his beloved Glasgow Rangers - 'The Greatest Team of All' - which still appears on the odd Rangers compilation album. In 1975 he came second in New Faces leading to several appearances on variety shows such as Live at Her Majesty’s with Jimmy Tarbuck and Tarby and Friends. In 1979, soon after the establishment of BBC Radio Scotland, he was given a thirteen-week contract to present a programme of music and humour. The show eventually ran for fifteen years. He was voted Radio Personality of the year in 1984. He had his own series on BBC Scotland in 1979 and again in 1982. He was awarded Scottish Television Personality of the Year for his 1983 series called It’s Andy Cameron. In the early 1980s he was invited to speak in debates at Cambridge and Oxford Universities alongside Arnold Brown and James Naughtie. Cameron is a well-known celebrity Rangers F.C. supporter. In the early 1980s however he caused some controversy by attacking the club's anti-catholic signing policies at an Annual General Meeting of the club. In 1984, Cameron presented STV's Hogmanay show. The following year he presented the BBC Scotland Hogmanay show, and continued to do so until 1989. His last Hogmanay appearance was in 1990, in a short programme called Andy's Scottish Filling which preceded the live BBC Hogmanay Show. In 1994 Cameron joined the cast of Take the High Road, the STV soap. He played a character called Chic Cherry, until the last episode in 2003. He currently works as an after dinner speaker, and has a 'stand-up' act before Rangers F.C.'s home league matches. Furthermore, he presented a show on Clyde 2 on Sunday afternoons until that show ended in late 2009 when he was replaced by Tom Ferrie, whose show is now networked by two or three others Scottish radio stations. Cameron was appointed Member of the Order of the British Empire (MBE) in the 2015 New Year Honours for services to entertainment and charity in Glasgow.","[a, is, andrew, graham, mbe, cameron, born, he, was, in, born, his, 1940, while, father]"
377,"A person (born in a certain era – passed away in a different era) was a professional in civil engineering, social advocacy, and innovation, offspring of a legal practitioner, political figure (associated with a region) and a consultant to a ruler, whose progenitor was the offspring of a liberated individual and a craftsman from a European region. This individual's relatives were also in the civil engineering field. Despite societal biases, their progenitor, of diverse heritage, was a notable and respected figure at that time. Having learned literacy skills independently, they had the authorization to practice legal profession nationwide, served their region in a legislative body, held a secretarial position in a regional administration, provided counsel to the ruling authority, and had been honored with a chivalric title in a previous century. This individual gained recognition in a major city, addressing the challenge of water logistics, sourcing it from distant origins. While working in the civil engineering sector during a conflict on their continent, this individual innovated in weaponry. Alongside other distinguished personalities, this individual was a significant representative of the middle class with ancestral links to Africa, and was also a leading advocate for a major social reform. They supported the progress of a distinguished music creator, known for a renowned musical work. In a certain decade, this individual became actively involved in a social movement, contributing to the establishment of a society against human bondage, with other influential figures. Following a governmental change, this individual sought refuge with the ruler in a foreign land. For a period, they resided in a capital city abroad, working as a journalist for a well-known publication. Later facing economic difficulties, this individual relocated to a city on one continent and subsequently to an island. In a subsequent era, their remains were discovered near the water. It is presumed that this individual chose to end their life.","[this, a, individual, this, person, this, this, this, this, individual, gained, in, in, a, in]"
159,"Jeff Schalk (born February 6, 1974 in Santa Cruz, California) is a retired professional mountain bike racer. His racing career began in 2006 when he took hiatus from a career in structural engineering, practicing in San Francisco, California. He moved to Washington, D.C. to pursue racing full-time with the Trek Volkswagen East Coast factory team. Schalk's major career breakthrough occurred in 2007 when he won the Shenandoah 100, establishing himself as a primary name in the domestic MTB endurance scene. When the Trek and Volkswagen partnership dissolved at the end of 2008, the Trek Bicycle Corporation continued its support of Jeff by directly signing him to full sponsorship. After his breakthrough in 2007, he moved to Frederick, Maryland and began to specialize in ultra-endurance racing events, namely 100-mile mountain bike races. Over the course of his 6 year career, he amassed 17 wins in 100-mile MTB racing, winning the National Ultra Endurance Series for three consecutive years. Schalk's sponsors for the majority of his career included: Trek Bicycle Corporation, Bontrager, Fox Racing Shox, Shimano, PowerBar, Dumonde Tech Racing Oils, and ESI Grips. All of his racing victories came aboard Trek's flagship cross country race bike at the time, the Trek Top Fuel. He retired from racing at the end of the 2011 season, returning to his career in structural engineering. He currently lives in Fort Collins, Colorado, and works for JVA Consulting Engineers.","[a, is, his, ##k, jeff, racer, sc, born, in, racing, ##hal, bike, career, retired, mountain]"
85,"Paul Arthur Trivelli (born 1953) is a United States diplomat and career foreign service officer. As of 2008, he is serving as the foreign policy advisor to Admiral James G. Stavridis, Commander of United States Southern Command. Prior to his current posting, he was the United States Ambassador to Nicaragua 2005–08. Trivelli graduated from Williams College with a Bachelor of Arts degree in biology in 1974 and from the Josef Korbel School of International Studies at the University of Denver with a Master of Arts degree in international studies in 1978. He entered the Foreign Service in 1978 and for most of his career has served as an Economic/Commercial Officer. He has been posted to Mexico City, the U.S. Department of State's Bureau of Western Hemisphere Affairs, Quito, Panama City, El Salvador, Monterrey, and Managua. In 1996, Trivelli received a M.A. in national security studies from the Naval War College. From 1998 to 2002, Trivelli served as Deputy Chief of Mission of the U.S. Embassy in Tegucigalpa, Honduras. He was director of the Office of Central American Affairs from July 2002 to November 2003. Trivelli was announced as the nominee of President George W. Bush to be the U.S. ambassador to Nicaragua on May 13, 2005. The nomination was sent to the Senate on May 16 and was confirmed on May 26. Trivelli was the source of much controversy for his remarks about the 2006 Nicarguan presidential election and his warnings about U.S. economic retailiation if Sandinista candidate Daniel Ortega won the election. Specifically, he expressed the desire of the United States government to see the split conservative parties unite behind a single candidate, even going so far as to offer to fund such a joint primary election. Additionally, he explicitly threatened to cut off $175 million in Millennium Challenge Account funding.","[is, a, paul, and, is, he, united, born, as, arthur, officer, tri, ##li, states, ##vel]"
180,"Earl Dalton Mossor (July 21, 1925 – December 29, 1988) was a pitcher in Major League Baseball who played in three games for the Brooklyn Dodgers during the 1951 season. Listed at 6' 1\"", 175 lb., Mossor batted left handed and threw right handed. A single in his only at-bat left Mossor with a rare MLB career batting average of 1.000. He was born in Forbus, Tennessee. Mossor also pitched with several Minor league teams in 12 seasons spanning 1946–1959. In 1946, he would go 21-8 while pitching 239 innings for the Clinton Blues in the Tobacco State League, but his team lost the league title by a half-game and was also beaten in the final round of the playoffs, four to three games. His most productive campaign came in 1950 with the Portsmouth Cubs, when he posted a 20-11 record and a 2.98 ERA in a career-high 257 innings, helping his team to the Piedmont League pennant and putting him on the All-Star team. Mossor also pitched for the Cervecería Caracas club of the Venezuelan Professional Baseball League in the 1951–1952 and 1952–1953 tournaments, compiling an undefeated 10-0 record and a 2.74 ERA in both stints, while leading his team to the VPBL pennant in 1952–1953. Following his baseball career, Mossor worked as a sheet metal mechanic. He died in 1988 in Batavia, Ohio, at the age of 63.","[was, a, in, earl, ##or, dalton, moss, july, major, pitcher, who, baseball, league, his, 21]"
172,"Deidre Catt (born 4 July 1940), is a former tennis player from the United Kingdom who was active in the 1960s. Her best performance at a Grand Slam tournament was reaching the final of the doubles event at the 1960 U.S. Championships. Partnering compatriot Ann Haydon they lost the final in straight sets to Maria Bueno and Darlene Hard. Her best Grand Slam singles performance was reaching the semifinal of the 1963 U.S. Championships in which she lost to Margaret Court, having beaten Billie-Jean Moffit King in the last 16. At the Wimbledon Championships she reached the fourth round in 1962 and 1964. Between 1961 and 1964 Catt played in four Wightman Cups, a women's team tennis competition between the United States and Great Britain. During the 1962 Wightman Cup she defeated Nancy Richey. From 1963 to 1965 she was a member of the British Federation Cup team and compiled a record of six wins and two losses. In 1960 she won the All England Plate, a tennis competition held at the Wimbledon Championships for players who were defeated in the first or second rounds of the singles competition. In the final she was victorious against Lorna Cawthorn. In that year she also won the West of England championships at Bristol by beating Sandra Reynolds in the second round and Renée Schuurman in the final. In 1961 and 1963 she won the singles title at the Surrey Grass Court Championships in Surbiton, defeating Edda Buding and Darlene Hard in the respective finals. Catt was a runner-up at the British Hard Court Championships in 1961, losing the final to Angela Mortimer in straight sets. Catt became the singles champion at the 1963 British Covered Court Championships after a three-sets victories in the semifinal against Ann Jones and the final against Renée Schuurman. Partnering Elizabeth Starkie she reached the doubles final of the 1963 Pacific Coast Championships in which they were beaten by Maria Bueno and Darlene Hard. In November 1964 she married John Keller.","[a, is, dei, ##dre, ##t, cat, her, born, july, player, 4, 1940, former, from, who]"
195,"Daniel Simon Atherton, known as Dan Atherton (born 25 January 1982, near Salisbury), is a professional racing cyclist specialising in downhill, four cross and enduro-downhill mountain bike racing, and is a former national champion of Great Britain. He began riding BMX at the age of 15 and mountain biking a year later. From 2007 till 2011, Atherton was one third of the Animal Commençal racing team, alongside brother Gee Atherton and sister Rachel Atherton. He is now part of the Trek Factory Racing team with brother Gee, sister Rachel and old friend Marc Beaumont (Global Mountain Bike Network), and is primarily racing Enduro-downhill and occasional downhill races. Dan Atherton, along with Rachel and Gee, was the star of the web series The Atherton Project, which followed their day-to-day lives. In 2010 Atherton broke a vertebra in his neck whilst dirt jumping and has missed half of the season including the World Championships. After the 2012 season's end, Atherton won the Asia Pacific Downhill Challenge in Indonesia.","[is, a, at, simon, in, as, daniel, ##herton, known, professional, near, born, he, cyclist, january]"
27,"Lajos Portisch (born 4 April 1937) is a Hungarian chess Grandmaster, whose positional style earned him the nickname, the \""Hungarian Botvinnik\"". One of the strongest non-Soviet players from the early 1960s into the late 1980s, he participated in twelve consecutive Interzonals from 1962 through 1993, qualifying for the World Chess Championship Candidates' cycle a total of eight times (1965, 1968, 1974, 1977, 1980, 1983, 1985, and 1988). Portisch set several all-time records in Chess Olympiads. In Hungarian Chess Championships, he either shared the title or won it outright a total of eight times (1958, 1959, 1961, 1964, 1965, 1971, 1975, and 1981). He won many strong international tournaments during his career. In 2004, Portisch was awarded the 'Nemzet Sportoloja', Hungary's highest national sports achievement award. He still competes occasionally at his age. His main hobby is singing operatic arias; he has a fine baritone voice, a quality shared by Vasily Smyslov, a chess world champion and grandmaster who also had talent as an operatic singer. His younger brother, Ferenc (born 1939), is an International Master.","[a, is, la, ##jos, port, born, hungarian, april, ##isch, 4, whose, chess, his, 1937, him]"
471,"A person (born in the 1980s) is a comedian, voice actor and writer from North America. This individual is recognized for a role as a character's offspring on an animated series. As a comedian, they are noted for a very reserved delivery style, maintaining a consistent gaze and avoiding eye contact with the camera or audience. This person was raised in a northern region. Their initial writing opportunity came with a show on a comedy-focused network, followed by work on an evening broadcast program. This writer has credits on a variety of comedic productions. They penned an episode for the animated series mentioned earlier. In the mid-2000s, this individual made an appearance on an evening broadcast show. Their stand-up material was included on a humor compilation CD, and a special for a comedy channel was broadcast in the late 2000s. In the early 2010s, they performed stand-up on a well-known evening show. This comedian recorded a stand-up album at a comedy venue in a metropolitan area during the summer of one year in the 2010s. The album was released the following year through a record label specializing in comedy. Currently, this person lives in a populous state on the west coast and is involved in writing for various screen projects.","[this, this, individual, a, person, person, is, this, this, person, this, in, their, they, in]"
10,"John Milton Gaver, Sr.  (October 29, 1900 - July 11, 1982) was an American Hall of Fame Thoroughbred racehorse trainer. Born in Mount Airy, Maryland, John Gaver graduated from Princeton University then worked as a prep school language teacher before eventually embarking on a career in Thoroughbred racing. In 1929, James G. Rowe, Jr., a friend and horse trainer, invited him to join the team managing the Brookdale Farm and racing stable owned by Harry Payne Whitney. After Harry Payne Whitney died in 1930, James Rowe, Jr. took over the running of the Mrs. Payne Whitney family's Greentree Stable and asked John Gaver to come with him. In 1939, Gaver was appointed head trainer for Greentree Stable, a position he would hold for the next thirty-eight years. During his time with Greentree, John Gaver conditioned seventy-three stakes-winning horses, including winners of five American Classic Races. Four of his horses earned Champions honors with Capot and Tom Fool voted Horse of the Year in 1946 and 1953 respectively. In 1966 John Gaver was inducted into the National Museum of Racing and Hall of Fame. In 1977 he suffered a stroke and his son John Jr. took over as trainer for the Greentree Stable. He retired to Aiken, South Carolina where he had maintained a winter training center for many years. He died there at Aiken Community Hospital in 1982 and was buried in the Lexington Cemetery, Lexington, Kentucky. Selected other major race wins: \n*  Lexington Stakes (1936) \n*  Diana Handicap (1940) \n*  Breeders' Futurity (1941, 1950, 1952) \n*  Gazelle Handicap (1941, 1967) \n*  Top Flight Handicap (1941) \n*  Phoenix Handicap (1942) \n*  Widener Handicap (1942) \n*  Toboggan Handicap (1943, 1944) \n*  Arlington-Washington Lassie Stakes (1944) \n*  Manhattan Handicap (1944) \n*  Paumonok Handicap (1944, 1945) \n*  Vosburgh Stakes (1946) \n*  Peter Pan Stakes (1947) \n*  Jerome Handicap (1949, 1952) \n*  American Derby (1951) \n*  Belmont Futurity Stakes (1951) \n*  Fall Highweight Handicap (1951) \n*  Monmouth Oaks (1951) \n*  Empire City Handicap (1952) \n*  Philip H. Iselin Handicap (1952) \n*  Wilson Stakes (1952, 1953) \n*  Miss Woodford Stakes (1953) \n*  Jim Dandy Stakes (1964) \n*  Saranac Handicap (1968) \n*  Aqueduct Handicap (1965) \n*  Ladies Handicap (1967) \n*  Tremont Stakes (1968) \n*  Saratoga Special Stakes (1972)","[was, an, john, hall, born, american, ##r, of, in, gave, sr, milton, trainer, -, a]"
349,"A person (born on a date in a city) is a professional basketball player who currently plays for a team in a basketball league. In a year, this person entered the draft for the league, but was not selected. This person was later signed by a team. In a subsequent year, the team was replaced by another team. In a month of that year, the newly founded team traded this person and a draft pick to another team, in a multi-team deal that involved a player going to the new team. In the following year, this person was signed by another team. In the next year, that team was renamed, who then traded this person to another team in exchange for a draft pick in the following year. In a later year, prior to the league playoffs, this person was dealt to another team. On a specific date, this person, along with another player, was traded to another team for a player and a future draft pick.","[but, this, along, person, this, person, this, this, a, person, person, person, in, this, a]"
